"type","id","created","modified","mitre_attack_id","created_by_ref","description","external_references","x_mitre_version","x_mitre_platforms","object_marking_refs","name","x_mitre_aliases","spec_version","x_mitre_attack_spec_version","x_mitre_domains","x_mitre_modified_by_ref","x_mitre_contributors"
"tool","tool--30489451-5886-4c46-90c9-0dff9adc5252","2017-05-31T21:33:02.428Z","2018-10-17T00:14:20.652Z","S0099","identity--c78cb6e5-0c4b-4611-8297-d1b8b55e40b5","[Arp](S0099) displays information about a system's Address Resolution Protocol (ARP) cache. (Citation: TechNet Arp)","[{'external_id': 'S0099', 'source_name': 'mitre-attack', 'url': 'https://attack.mitre.org/software/S0099'}, {'source_name': 'TechNet Arp', 'description': 'Microsoft. (n.d.). Arp. Retrieved April 17, 2016.', 'url': 'https://technet.microsoft.com/en-us/library/bb490864.aspx'}]","1.0","['Linux', 'Windows', 'macOS']","['marking-definition--fa42a846-8d90-4e51-bc29-71d5b4802168']","Arp","['Arp', 'arp.exe']","2.1","2.1.0","['enterprise-attack']","identity--c78cb6e5-0c4b-4611-8297-d1b8b55e40b5",""
"tool","tool--64764dc6-a032-495f-8250-1e4c06bdc163","2018-04-18T17:59:24.739Z","2018-10-17T00:14:20.652Z","S0190","identity--c78cb6e5-0c4b-4611-8297-d1b8b55e40b5","[BITSAdmin](S0190) is a command line tool used to create and manage [BITS Jobs](T1197). (Citation: Microsoft BITSAdmin)","[{'external_id': 'S0190', 'source_name': 'mitre-attack', 'url': 'https://attack.mitre.org/software/S0190'}, {'source_name': 'Microsoft BITSAdmin', 'description': 'Microsoft. (n.d.). BITSAdmin Tool. Retrieved January 12, 2018.', 'url': 'https://msdn.microsoft.com/library/aa362813.aspx'}]","1.0","['Windows']","['marking-definition--fa42a846-8d90-4e51-bc29-71d5b4802168']","BITSAdmin","['BITSAdmin']","2.1","2.1.0","['enterprise-attack']","identity--c78cb6e5-0c4b-4611-8297-d1b8b55e40b5",""
"tool","tool--c9cd7ec9-40b7-49db-80be-1399eddd9c52","2017-05-31T21:33:10.197Z","2018-10-17T00:14:20.652Z","S0119","identity--c78cb6e5-0c4b-4611-8297-d1b8b55e40b5","[Cachedump](S0119) is a publicly-available tool that program extracts cached password hashes from a system’s registry. (Citation: Mandiant APT1)","[{'external_id': 'S0119', 'source_name': 'mitre-attack', 'url': 'https://attack.mitre.org/software/S0119'}, {'source_name': 'Mandiant APT1', 'description': 'Mandiant. (n.d.). APT1 Exposing One of China’s Cyber Espionage Units. Retrieved July 18, 2016.', 'url': 'https://www.fireeye.com/content/dam/fireeye-www/services/pdfs/mandiant-apt1-report.pdf'}]","1.0","['Windows']","['marking-definition--fa42a846-8d90-4e51-bc29-71d5b4802168']","Cachedump","['Cachedump']","2.1","2.1.0","['enterprise-attack']","identity--c78cb6e5-0c4b-4611-8297-d1b8b55e40b5",""
"tool","tool--aafea02e-ece5-4bb2-91a6-3bf8c7f38a39","2017-12-14T16:46:06.044Z","2019-06-06T19:04:39.061Z","S0154","identity--c78cb6e5-0c4b-4611-8297-d1b8b55e40b5","[Cobalt Strike](S0154) is a commercial, full-featured, penetration testing tool which bills itself as “adversary simulation software designed to execute targeted attacks and emulate the post-exploitation actions of advanced threat actors”. Cobalt Strike’s interactive post-exploit capabilities cover the full range of ATT&CK tactics, all executed within a single, integrated system. (Citation: cobaltstrike manual)

In addition to its own capabilities, [Cobalt Strike](S0154) leverages the capabilities of other well-known tools such as Metasploit and [Mimikatz](S0002). (Citation: cobaltstrike manual)","[{'external_id': 'S0154', 'source_name': 'mitre-attack', 'url': 'https://attack.mitre.org/software/S0154'}, {'source_name': 'cobaltstrike manual', 'description': 'Strategic Cyber LLC. (2017, March 14). Cobalt Strike Manual. Retrieved May 24, 2017.', 'url': 'https://cobaltstrike.com/downloads/csmanual38.pdf'}]","1.2","['Windows']","['marking-definition--fa42a846-8d90-4e51-bc29-71d5b4802168']","Cobalt Strike","['Cobalt Strike']","2.1","2.1.0","['enterprise-attack']","identity--c78cb6e5-0c4b-4611-8297-d1b8b55e40b5","['Josh Abraham']"
"tool","tool--3433a9e8-1c47-4320-b9bf-ed449061d1c3","2019-03-11T14:13:40.648Z","2019-06-24T17:15:43.818Z","S0363","identity--c78cb6e5-0c4b-4611-8297-d1b8b55e40b5","[Empire](S0363) is an open source, cross-platform remote administration and post-exploitation framework that is publicly available on GitHub. While the tool itself is primarily written in Python, the post-exploitation agents are written in pure [PowerShell](T1086) for Windows and Python for Linux/macOS. [Empire](S0363) was one of five tools singled out by a joint report on public hacking tools being widely used by adversaries.(Citation: NCSC Joint Report Public Tools)(Citation: Github PowerShell Empire)(Citation: GitHub ATTACK Empire)

","[{'external_id': 'S0363', 'source_name': 'mitre-attack', 'url': 'https://attack.mitre.org/software/S0363'}, {'source_name': 'EmPyre', 'description': '(Citation: Github PowerShell Empire)'}, {'source_name': 'PowerShell Empire', 'description': '(Citation: Github PowerShell Empire)'}, {'source_name': 'NCSC Joint Report Public Tools', 'description': 'The Australian Cyber Security Centre (ACSC), the Canadian Centre for Cyber Security (CCCS), the New Zealand National Cyber Security Centre (NZ NCSC), CERT New Zealand, the UK National Cyber Security Centre (UK NCSC) and the US National Cybersecurity and Communications Integration Center (NCCIC). (2018, October 11). Joint report on publicly available hacking tools. Retrieved March 11, 2019.', 'url': 'https://s3.eu-west-1.amazonaws.com/ncsc-content/files/Joint%20report%20on%20publicly%20available%20hacking%20tools%20%28NCSC%29.pdf'}, {'source_name': 'Github PowerShell Empire', 'description': 'Schroeder, W., Warner, J., Nelson, M. (n.d.). Github PowerShellEmpire. Retrieved April 28, 2016.', 'url': 'https://github.com/PowerShellEmpire/Empire'}, {'source_name': 'GitHub ATTACK Empire', 'description': 'Stepanic, D. (2018, September 2). attck_empire: Generate ATT&CK Navigator layer file from PowerShell Empire agent logs. Retrieved March 11, 2019.', 'url': 'https://github.com/dstepanic/attck_empire'}]","1.0","['Linux', 'macOS', 'Windows']","['marking-definition--fa42a846-8d90-4e51-bc29-71d5b4802168']","Empire","['Empire', 'EmPyre', 'PowerShell Empire']","2.1","2.1.0","['enterprise-attack']","identity--c78cb6e5-0c4b-4611-8297-d1b8b55e40b5",""
"tool","tool--ca656c25-44f1-471b-9d9f-e2a3bbb84973","2019-02-19T19:17:14.971Z","2019-04-19T18:52:30.033Z","S0361","identity--c78cb6e5-0c4b-4611-8297-d1b8b55e40b5","[Expand](S0361) is a Windows utility used to expand one or more compressed CAB files.(Citation: Microsoft Expand Utility) It has been used by [BBSRAT](S0127) to decompress a CAB file into executable content.(Citation: Palo Alto Networks BBSRAT)","[{'external_id': 'S0361', 'source_name': 'mitre-attack', 'url': 'https://attack.mitre.org/software/S0361'}, {'source_name': 'Microsoft Expand Utility', 'description': 'Microsoft. (2017, October 15). Expand. Retrieved February 19, 2019.', 'url': 'https://docs.microsoft.com/en-us/windows-server/administration/windows-commands/expand'}, {'source_name': 'Palo Alto Networks BBSRAT', 'description': 'Lee, B. Grunzweig, J. (2015, December 22). BBSRAT Attacks Targeting Russian Organizations Linked to Roaming Tiger. Retrieved August 19, 2016.', 'url': 'http://researchcenter.paloaltonetworks.com/2015/12/bbsrat-attacks-targeting-russian-organizations-linked-to-roaming-tiger/'}]","1.0","['Windows']","['marking-definition--fa42a846-8d90-4e51-bc29-71d5b4802168']","Expand","['Expand']","2.1","2.1.0","['enterprise-attack']","identity--c78cb6e5-0c4b-4611-8297-d1b8b55e40b5","['Matthew Demaske, Adaptforward']"
"tool","tool--cf23bf4a-e003-4116-bbae-1ea6c558d565","2017-05-31T21:33:00.565Z","2018-10-17T00:14:20.652Z","S0095","identity--c78cb6e5-0c4b-4611-8297-d1b8b55e40b5","[FTP](S0095) is a utility commonly available with operating systems to transfer information over the File Transfer Protocol (FTP). Adversaries can use it to transfer other tools onto a system or to exfiltrate data. (Citation: Wikipedia FTP)","[{'external_id': 'S0095', 'source_name': 'mitre-attack', 'url': 'https://attack.mitre.org/software/S0095'}, {'source_name': 'Wikipedia FTP', 'description': 'Wikipedia. (2016, June 15). File Transfer Protocol. Retrieved July 20, 2016.', 'url': 'https://en.wikipedia.org/wiki/File_Transfer_Protocol'}]","1.0","['Linux', 'Windows', 'macOS']","['marking-definition--fa42a846-8d90-4e51-bc29-71d5b4802168']","FTP","['FTP', 'ftp.exe']","2.1","2.1.0","['enterprise-attack']","identity--c78cb6e5-0c4b-4611-8297-d1b8b55e40b5",""
"tool","tool--4f45dfeb-fe51-4df0-8db3-edf7dd0513fe","2017-05-31T21:33:10.569Z","2018-10-17T00:14:20.652Z","S0120","identity--c78cb6e5-0c4b-4611-8297-d1b8b55e40b5","[Fgdump](S0120) is a Windows password hash dumper. (Citation: Mandiant APT1)","[{'external_id': 'S0120', 'source_name': 'mitre-attack', 'url': 'https://attack.mitre.org/software/S0120'}, {'source_name': 'Mandiant APT1', 'description': 'Mandiant. (n.d.). APT1 Exposing One of China’s Cyber Espionage Units. Retrieved July 18, 2016.', 'url': 'https://www.fireeye.com/content/dam/fireeye-www/services/pdfs/mandiant-apt1-report.pdf'}]","1.0","['Windows']","['marking-definition--fa42a846-8d90-4e51-bc29-71d5b4802168']","Fgdump","['Fgdump']","2.1","2.1.0","['enterprise-attack']","identity--c78cb6e5-0c4b-4611-8297-d1b8b55e40b5",""
"tool","tool--90ec2b22-7061-4469-b539-0989ec4f96c2","2018-04-18T17:59:24.739Z","2018-10-17T00:14:20.652Z","S0193","identity--c78cb6e5-0c4b-4611-8297-d1b8b55e40b5","[Forfiles](S0193) is a Windows utility commonly used in batch jobs to execute commands on one or more selected files or directories (ex: list all directories in a drive, read the first line of all files created yesterday, etc.). Forfiles can be executed from either the command line, Run window, or batch files/scripts. (Citation: Microsoft Forfiles Aug 2016)","[{'external_id': 'S0193', 'source_name': 'mitre-attack', 'url': 'https://attack.mitre.org/software/S0193'}, {'source_name': 'Microsoft Forfiles Aug 2016', 'description': 'Microsoft. (2016, August 31). Forfiles. Retrieved January 22, 2018.', 'url': 'https://docs.microsoft.com/previous-versions/windows/it-pro/windows-server-2012-R2-and-2012/cc753551(v=ws.11)'}]","1.0","['Windows']","['marking-definition--fa42a846-8d90-4e51-bc29-71d5b4802168']","Forfiles","['Forfiles']","2.1","2.1.0","['enterprise-attack']","identity--c78cb6e5-0c4b-4611-8297-d1b8b55e40b5","['Matthew Demaske, Adaptforward']"
"tool","tool--d5e96a35-7b0b-4c6a-9533-d63ecbda563e","2017-05-31T21:32:32.011Z","2019-04-24T20:32:54.936Z","S0040","identity--c78cb6e5-0c4b-4611-8297-d1b8b55e40b5","[HTRAN](S0040) is a tool that proxies connections through intermediate hops and aids users in disguising their true geographical location. It can be used by adversaries to hide their location when interacting with the victim networks. (Citation: Operation Quantum Entanglement)(Citation: NCSC Joint Report Public Tools)","[{'external_id': 'S0040', 'source_name': 'mitre-attack', 'url': 'https://attack.mitre.org/software/S0040'}, {'source_name': 'HUC Packet Transmit Tool', 'description': '(Citation: Operation Quantum Entanglement)'}, {'source_name': 'Operation Quantum Entanglement', 'description': 'Haq, T., Moran, N., Vashisht, S., Scott, M. (2014, September). OPERATION QUANTUM ENTANGLEMENT. Retrieved November 4, 2015.', 'url': 'https://www.fireeye.com/content/dam/fireeye-www/global/en/current-threats/pdfs/wp-operation-quantum-entanglement.pdf'}, {'source_name': 'NCSC Joint Report Public Tools', 'description': 'The Australian Cyber Security Centre (ACSC), the Canadian Centre for Cyber Security (CCCS), the New Zealand National Cyber Security Centre (NZ NCSC), CERT New Zealand, the UK National Cyber Security Centre (UK NCSC) and the US National Cybersecurity and Communications Integration Center (NCCIC). (2018, October 11). Joint report on publicly available hacking tools. Retrieved March 11, 2019.', 'url': 'https://s3.eu-west-1.amazonaws.com/ncsc-content/files/Joint%20report%20on%20publicly%20available%20hacking%20tools%20%28NCSC%29.pdf'}]","1.1","['Linux', 'Windows']","['marking-definition--fa42a846-8d90-4e51-bc29-71d5b4802168']","HTRAN","['HTRAN', 'HUC Packet Transmit Tool']","2.1","2.1.0","['enterprise-attack']","identity--c78cb6e5-0c4b-4611-8297-d1b8b55e40b5",""
"tool","tool--fbd727ea-c0dc-42a9-8448-9e12962d1ab5","2018-04-18T17:59:24.739Z","2018-10-17T00:14:20.652Z","S0224","identity--c78cb6e5-0c4b-4611-8297-d1b8b55e40b5","[Havij](S0224) is an automatic SQL Injection tool distributed by the Iranian ITSecTeam security company. Havij has been used by penetration testers and adversaries. (Citation: Check Point Havij Analysis)","[{'external_id': 'S0224', 'source_name': 'mitre-attack', 'url': 'https://attack.mitre.org/software/S0224'}, {'source_name': 'Check Point Havij Analysis', 'description': 'Ganani, M. (2015, May 14). Analysis of the Havij SQL Injection tool. Retrieved March 19, 2018.', 'url': 'https://blog.checkpoint.com/2015/05/14/analysis-havij-sql-injection-tool/'}]","1.0","['Linux', 'Windows', 'macOS']","['marking-definition--fa42a846-8d90-4e51-bc29-71d5b4802168']","Havij","['Havij']","2.1","2.1.0","['enterprise-attack']","identity--c78cb6e5-0c4b-4611-8297-d1b8b55e40b5",""
"tool","tool--26c87906-d750-42c5-946c-d4162c73fc7b","2019-01-31T01:39:56.283Z","2019-04-18T21:49:12.638Z","S0357","identity--c78cb6e5-0c4b-4611-8297-d1b8b55e40b5","[Impacket](S0357) is an open source collection of modules written in Python for programmatically constructing and manipulating network protocols. [Impacket](S0357) contains several tools for remote service execution, Kerberos manipulation, Windows credential dumping, packet sniffing, and relay attacks.(Citation: Impacket Tools)","[{'external_id': 'S0357', 'source_name': 'mitre-attack', 'url': 'https://attack.mitre.org/software/S0357'}, {'source_name': 'Impacket Tools', 'description': 'SecureAuth. (n.d.).  Retrieved January 15, 2019.', 'url': 'https://www.secureauth.com/labs/open-source-tools/impacket'}]","1.0","['Linux', 'macOS', 'Windows']","['marking-definition--fa42a846-8d90-4e51-bc29-71d5b4802168']","Impacket","['Impacket']","2.1","2.1.0","['enterprise-attack']","identity--c78cb6e5-0c4b-4611-8297-d1b8b55e40b5","['Jacob Wilkin, Trustwave, SpiderLabs']"
"tool","tool--b52d6583-14a2-4ddc-8527-87fd2142558f","2018-04-18T17:59:24.739Z","2018-10-17T00:14:20.652Z","S0231","identity--c78cb6e5-0c4b-4611-8297-d1b8b55e40b5","[Invoke-PSImage](S0231) takes a PowerShell script and embeds the bytes of the script into the pixels of a PNG image. It generates a one liner for executing either from a file of from the web. Example of usage is embedding the PowerShell code from the Invoke-Mimikatz module and embed it into an image file. By calling the image file from a macro for example, the macro will download the picture and execute the PowerShell code, which in this case will dump the passwords. (Citation: GitHub Invoke-PSImage)","[{'external_id': 'S0231', 'source_name': 'mitre-attack', 'url': 'https://attack.mitre.org/software/S0231'}, {'source_name': 'GitHub Invoke-PSImage', 'description': 'Adams, B. (2017, December 17). Invoke-PSImage. Retrieved April 10, 2018.', 'url': 'https://github.com/peewpw/Invoke-PSImage'}]","1.0","['Windows']","['marking-definition--fa42a846-8d90-4e51-bc29-71d5b4802168']","Invoke-PSImage","['Invoke-PSImage']","2.1","2.1.0","['enterprise-attack']","identity--c78cb6e5-0c4b-4611-8297-d1b8b55e40b5","['Christiaan Beek, @ChristiaanBeek']"
"tool","tool--c8655260-9f4b-44e3-85e1-6538a5f6e4f4","2018-10-17T00:14:20.652Z","2018-10-17T00:14:20.652Z","S0250","identity--c78cb6e5-0c4b-4611-8297-d1b8b55e40b5","[Koadic](S0250) is a Windows post-exploitation framework and penetration testing tool. [Koadic](S0250) is publicly available on GitHub and the tool is executed via the command-line. [Koadic](S0250) has several options for staging payloads and creating implants. [Koadic](S0250) performs most of its operations using Windows Script Host. (Citation: Github Koadic) (Citation: Palo Alto Sofacy 06-2018)","[{'external_id': 'S0250', 'source_name': 'mitre-attack', 'url': 'https://attack.mitre.org/software/S0250'}, {'source_name': 'Koadic', 'description': '(Citation: Github Koadic)'}, {'source_name': 'Github Koadic', 'description': 'Magius, J., et al. (2017, July 19). Koadic. Retrieved June 18, 2018.', 'url': 'https://github.com/zerosum0x0/koadic'}, {'source_name': 'Palo Alto Sofacy 06-2018', 'description': 'Lee, B., Falcone, R. (2018, June 06). Sofacy Group’s Parallel Attacks. Retrieved June 18, 2018.', 'url': 'https://researchcenter.paloaltonetworks.com/2018/06/unit42-sofacy-groups-parallel-attacks/'}]","1.0","['Windows']","['marking-definition--fa42a846-8d90-4e51-bc29-71d5b4802168']","Koadic","['Koadic']","2.1","2.1.0","['enterprise-attack']","identity--c78cb6e5-0c4b-4611-8297-d1b8b55e40b5",""
"tool","tool--b76b2d94-60e4-4107-a903-4a3a7622fb3b","2019-01-30T16:44:59.887Z","2019-06-24T16:21:13.858Z","S0349","identity--c78cb6e5-0c4b-4611-8297-d1b8b55e40b5","[LaZagne](S0349) is a post-exploitation, open-source tool used to recover stored passwords on a system. It has modules for Windows, Linux, and OSX, but is mainly focused on Windows systems. [LaZagne](S0349) is publicly available on GitHub.(Citation: GitHub LaZagne Dec 2018)","[{'external_id': 'S0349', 'source_name': 'mitre-attack', 'url': 'https://attack.mitre.org/software/S0349'}, {'source_name': 'LaZagne', 'description': '(Citation: GitHub LaZange Dec 2018)'}, {'source_name': 'GitHub LaZagne Dec 2018', 'description': 'Zanni, A. (n.d.). The LaZagne Project !!!. Retrieved December 14, 2018.', 'url': 'https://github.com/AlessandroZ/LaZagne'}]","1.0","['Linux', 'macOS', 'Windows']","['marking-definition--fa42a846-8d90-4e51-bc29-71d5b4802168']","LaZagne","['LaZagne']","2.1","2.1.0","['enterprise-attack']","identity--c78cb6e5-0c4b-4611-8297-d1b8b55e40b5",""
"tool","tool--2fab555f-7664-4623-b4e0-1675ae38190b","2017-05-31T21:33:10.962Z","2018-10-17T00:14:20.652Z","S0121","identity--c78cb6e5-0c4b-4611-8297-d1b8b55e40b5","[Lslsass](S0121) is a publicly-available tool that can dump active logon session password hashes from the lsass process. (Citation: Mandiant APT1)","[{'external_id': 'S0121', 'source_name': 'mitre-attack', 'url': 'https://attack.mitre.org/software/S0121'}, {'source_name': 'Mandiant APT1', 'description': 'Mandiant. (n.d.). APT1 Exposing One of China’s Cyber Espionage Units. Retrieved July 18, 2016.', 'url': 'https://www.fireeye.com/content/dam/fireeye-www/services/pdfs/mandiant-apt1-report.pdf'}]","1.0","['Windows']","['marking-definition--fa42a846-8d90-4e51-bc29-71d5b4802168']","Lslsass","['Lslsass']","2.1","2.1.0","['enterprise-attack']","identity--c78cb6e5-0c4b-4611-8297-d1b8b55e40b5",""
"tool","tool--5a33468d-844d-4b1f-98c9-0e786c556b27","2018-01-16T16:13:52.465Z","2018-10-17T00:14:20.652Z","S0179","identity--c78cb6e5-0c4b-4611-8297-d1b8b55e40b5","[MimiPenguin](S0179) is a credential dumper, similar to [Mimikatz](S0002), designed specifically for Linux platforms. (Citation: MimiPenguin GitHub May 2017)","[{'external_id': 'S0179', 'source_name': 'mitre-attack', 'url': 'https://attack.mitre.org/software/S0179'}, {'source_name': 'MimiPenguin GitHub May 2017', 'description': 'Gregal, H. (2017, May 12). MimiPenguin. Retrieved December 5, 2017.', 'url': 'https://github.com/huntergregal/mimipenguin'}]","1.0","['Linux']","['marking-definition--fa42a846-8d90-4e51-bc29-71d5b4802168']","MimiPenguin","['MimiPenguin']","2.1","2.1.0","['enterprise-attack']","identity--c78cb6e5-0c4b-4611-8297-d1b8b55e40b5","['Vincent Le Toux']"
"tool","tool--afc079f3-c0ea-4096-b75d-3f05338b7f60","2017-05-31T21:32:11.544Z","2019-04-24T23:36:42.142Z","S0002","identity--c78cb6e5-0c4b-4611-8297-d1b8b55e40b5","[Mimikatz](S0002) is a credential dumper capable of obtaining plaintext Windows account logins and passwords, along with many other features that make it useful for testing the security of networks. (Citation: Deply Mimikatz) (Citation: Adsecurity Mimikatz Guide)","[{'external_id': 'S0002', 'source_name': 'mitre-attack', 'url': 'https://attack.mitre.org/software/S0002'}, {'source_name': 'Deply Mimikatz', 'description': 'Deply, B. (n.d.). Mimikatz. Retrieved September 29, 2015.', 'url': 'https://github.com/gentilkiwi/mimikatz'}, {'source_name': 'Adsecurity Mimikatz Guide', 'description': 'Metcalf, S. (2015, November 13). Unofficial Guide to Mimikatz & Command Reference. Retrieved December 23, 2015.', 'url': 'https://adsecurity.org/?page_id=1821'}]","1.1","['Windows']","['marking-definition--fa42a846-8d90-4e51-bc29-71d5b4802168']","Mimikatz","['Mimikatz']","2.1","2.1.0","['enterprise-attack']","identity--c78cb6e5-0c4b-4611-8297-d1b8b55e40b5","['Vincent Le Toux']"
"tool","tool--03342581-f790-4f03-ba41-e82e67392e23","2017-05-31T21:32:31.601Z","2019-04-24T23:39:01.346Z","S0039","identity--c78cb6e5-0c4b-4611-8297-d1b8b55e40b5","The [Net](S0039) utility is a component of the Windows operating system. It is used in command-line operations for control of users, groups, services, and network connections. (Citation: Microsoft Net Utility)

[Net](S0039) has a great deal of functionality, (Citation: Savill 1999) much of which is useful for an adversary, such as gathering system and network information for Discovery, moving laterally through [Windows Admin Shares](T1077) using `net use` commands, and interacting with services. The net1.exe utility is executed for certain functionality when net.exe is run and can be used directly in commands such as `net1 user`.","[{'external_id': 'S0039', 'source_name': 'mitre-attack', 'url': 'https://attack.mitre.org/software/S0039'}, {'source_name': 'Microsoft Net Utility', 'description': 'Microsoft. (2006, October 18). Net.exe Utility. Retrieved September 22, 2015.', 'url': 'https://msdn.microsoft.com/en-us/library/aa939914'}, {'source_name': 'Savill 1999', 'description': 'Savill, J. (1999, March 4). Net.exe reference. Retrieved September 22, 2015.', 'url': 'http://windowsitpro.com/windows/netexe-reference'}]","2.0","['Windows']","['marking-definition--fa42a846-8d90-4e51-bc29-71d5b4802168']","Net","['Net', 'net.exe']","2.1","2.1.0","['enterprise-attack']","identity--c78cb6e5-0c4b-4611-8297-d1b8b55e40b5","['David Ferguson, CyberSponse']"
"tool","tool--981acc4c-2ede-4b56-be6e-fa1a75f37acf","2019-02-14T17:08:55.176Z","2019-04-22T19:06:17.325Z","S0359","identity--c78cb6e5-0c4b-4611-8297-d1b8b55e40b5","[Nltest](S0359) is a Windows command-line utility used to list domain controllers and enumerate domain trusts.(Citation: Nltest Manual)","[{'external_id': 'S0359', 'source_name': 'mitre-attack', 'url': 'https://attack.mitre.org/software/S0359'}, {'source_name': 'Nltest Manual', 'description': 'ss64. (n.d.). NLTEST.exe - Network Location Test. Retrieved February 14, 2019.', 'url': 'https://ss64.com/nt/nltest.html'}]","1.0","['Windows']","['marking-definition--fa42a846-8d90-4e51-bc29-71d5b4802168']","Nltest","['Nltest']","2.1","2.1.0","['enterprise-attack']","identity--c78cb6e5-0c4b-4611-8297-d1b8b55e40b5",""
"tool","tool--a52edc76-328d-4596-85e7-d56ef5a9eb69","2017-05-31T21:33:11.426Z","2018-10-17T00:14:20.652Z","S0122","identity--c78cb6e5-0c4b-4611-8297-d1b8b55e40b5","[Pass-The-Hash Toolkit](S0122) is a toolkit that allows an adversary to ""pass"" a password hash (without knowing the original password) to log in to systems. (Citation: Mandiant APT1)","[{'external_id': 'S0122', 'source_name': 'mitre-attack', 'url': 'https://attack.mitre.org/software/S0122'}, {'source_name': 'Mandiant APT1', 'description': 'Mandiant. (n.d.). APT1 Exposing One of China’s Cyber Espionage Units. Retrieved July 18, 2016.', 'url': 'https://www.fireeye.com/content/dam/fireeye-www/services/pdfs/mandiant-apt1-report.pdf'}]","1.0","['Linux', 'Windows', 'macOS']","['marking-definition--fa42a846-8d90-4e51-bc29-71d5b4802168']","Pass-The-Hash Toolkit","['Pass-The-Hash Toolkit']","2.1","2.1.0","['enterprise-attack']","identity--c78cb6e5-0c4b-4611-8297-d1b8b55e40b5",""
"tool","tool--b77b563c-34bb-4fb8-86a3-3694338f7b47","2017-05-31T21:33:01.483Z","2018-10-17T00:14:20.652Z","S0097","identity--c78cb6e5-0c4b-4611-8297-d1b8b55e40b5","[Ping](S0097) is an operating system utility commonly used to troubleshoot and verify network connections. (Citation: TechNet Ping)","[{'external_id': 'S0097', 'source_name': 'mitre-attack', 'url': 'https://attack.mitre.org/software/S0097'}, {'source_name': 'TechNet Ping', 'description': 'Microsoft. (n.d.). Ping. Retrieved April 8, 2016.', 'url': 'https://technet.microsoft.com/en-us/library/bb490968.aspx'}]","1.0","['Linux', 'Windows', 'macOS']","['marking-definition--fa42a846-8d90-4e51-bc29-71d5b4802168']","Ping","['ping.exe', 'Ping']","2.1","2.1.0","['enterprise-attack']","identity--c78cb6e5-0c4b-4611-8297-d1b8b55e40b5",""
"tool","tool--4b57c098-f043-4da2-83ef-7588a6d426bc","2019-04-23T12:31:58.125Z","2019-04-23T18:29:12.005Z","S0378","identity--c78cb6e5-0c4b-4611-8297-d1b8b55e40b5","[PoshC2](S0378) is an open source remote administration and post-exploitation framework that is publicly available on GitHub. The server-side components of the tool are primarily written in Python, while the implants are written in [PowerShell](T1086). Although [PoshC2](S0378) is primarily focused on Windows implantation, it does contain a basic Python dropper for Linux/macOS.(Citation: GitHub PoshC2)","[{'external_id': 'S0378', 'source_name': 'mitre-attack', 'url': 'https://attack.mitre.org/software/S0378'}, {'source_name': 'GitHub PoshC2', 'description': 'Nettitude. (2016, June 8). PoshC2: Powershell C2 Server and Implants. Retrieved April 23, 2019.', 'url': 'https://github.com/nettitude/PoshC2'}]","1.0","['Windows', 'Linux', 'macOS']","['marking-definition--fa42a846-8d90-4e51-bc29-71d5b4802168']","PoshC2","['PoshC2']","2.1","2.1.0","['enterprise-attack']","identity--c78cb6e5-0c4b-4611-8297-d1b8b55e40b5",""
"tool","tool--13cd9151-83b7-410d-9f98-25d0f0d1d80d","2018-04-18T17:59:24.739Z","2019-04-24T23:43:07.902Z","S0194","identity--c78cb6e5-0c4b-4611-8297-d1b8b55e40b5","[PowerSploit](S0194) is an open source, offensive security framework comprised of [PowerShell](T1086) modules and scripts that perform a wide range of tasks related to penetration testing such as code execution, persistence, bypassing anti-virus, recon, and exfiltration. (Citation: GitHub PowerSploit May 2012) (Citation: PowerShellMagazine PowerSploit July 2014) (Citation: PowerSploit Documentation)","[{'external_id': 'S0194', 'source_name': 'mitre-attack', 'url': 'https://attack.mitre.org/software/S0194'}, {'source_name': 'GitHub PowerSploit May 2012', 'description': 'PowerShellMafia. (2012, May 26). PowerSploit - A PowerShell Post-Exploitation Framework. Retrieved February 6, 2018.', 'url': 'https://github.com/PowerShellMafia/PowerSploit'}, {'source_name': 'PowerShellMagazine PowerSploit July 2014', 'description': 'Graeber, M. (2014, July 8). PowerSploit. Retrieved February 6, 2018.', 'url': 'http://www.powershellmagazine.com/2014/07/08/powersploit/'}, {'source_name': 'PowerSploit Documentation', 'description': 'PowerSploit. (n.d.). PowerSploit. Retrieved February 6, 2018.', 'url': 'http://powersploit.readthedocs.io'}]","1.1","['Windows']","['marking-definition--fa42a846-8d90-4e51-bc29-71d5b4802168']","PowerSploit","['PowerSploit']","2.1","2.1.0","['enterprise-attack']","identity--c78cb6e5-0c4b-4611-8297-d1b8b55e40b5",""
"tool","tool--ff6caf67-ea1f-4895-b80e-4bb0fc31c6db","2017-05-31T21:32:21.771Z","2018-10-17T00:14:20.652Z","S0029","identity--c78cb6e5-0c4b-4611-8297-d1b8b55e40b5","[PsExec](S0029) is a free Microsoft tool that can be used to execute a program on another computer. It is used by IT administrators and attackers. (Citation: Russinovich Sysinternals) (Citation: SANS PsExec)","[{'external_id': 'S0029', 'source_name': 'mitre-attack', 'url': 'https://attack.mitre.org/software/S0029'}, {'source_name': 'Russinovich Sysinternals', 'description': 'Russinovich, M. (2014, May 2). Windows Sysinternals PsExec v2.11. Retrieved May 13, 2015.', 'url': 'https://technet.microsoft.com/en-us/sysinternals/bb897553.aspx'}, {'source_name': 'SANS PsExec', 'description': 'Pilkington, M.. (2012, December 17). Protecting Privileged Domain Accounts: PsExec Deep-Dive. Retrieved August 17, 2016.', 'url': 'https://digital-forensics.sans.org/blog/2012/12/17/protecting-privileged-domain-accounts-psexec-deep-dive'}]","1.0","['Windows']","['marking-definition--fa42a846-8d90-4e51-bc29-71d5b4802168']","PsExec","['PsExec']","2.1","2.1.0","['enterprise-attack']","identity--c78cb6e5-0c4b-4611-8297-d1b8b55e40b5",""
"tool","tool--cb69b20d-56d0-41ab-8440-4a4b251614d4","2018-04-18T17:59:24.739Z","2019-04-24T17:52:47.605Z","S0192","identity--c78cb6e5-0c4b-4611-8297-d1b8b55e40b5","[Pupy](S0192) is an open source, cross-platform (Windows, Linux, OSX, Android) remote administration and post-exploitation tool. (Citation: GitHub Pupy) It is written in Python and can be generated as a payload in several different ways (Windows exe, Python file, PowerShell oneliner/file, Linux elf, APK, Rubber Ducky, etc.). (Citation: GitHub Pupy) [Pupy](S0192) is publicly available on GitHub. (Citation: GitHub Pupy)","[{'external_id': 'S0192', 'source_name': 'mitre-attack', 'url': 'https://attack.mitre.org/software/S0192'}, {'source_name': 'GitHub Pupy', 'description': 'Nicolas Verdier. (n.d.). Retrieved January 29, 2018.', 'url': 'https://github.com/n1nj4sec/pupy'}]","1.1","['Linux', 'Windows', 'macOS', 'Android']","['marking-definition--fa42a846-8d90-4e51-bc29-71d5b4802168']","Pupy","['Pupy']","2.1","2.1.0","['enterprise-attack']","identity--c78cb6e5-0c4b-4611-8297-d1b8b55e40b5",""
"tool","tool--da04ac30-27da-4959-a67d-450ce47d9470","2018-10-17T00:14:20.652Z","2019-06-24T19:05:41.307Z","S0262","identity--c78cb6e5-0c4b-4611-8297-d1b8b55e40b5","[QuasarRAT](S0262) is an open-source, remote access tool that is publicly available on GitHub. [QuasarRAT](S0262) is developed in the C# language. (Citation: GitHub QuasarRAT) (Citation: Volexity Patchwork June 2018)","[{'external_id': 'S0262', 'source_name': 'mitre-attack', 'url': 'https://attack.mitre.org/software/S0262'}, {'source_name': 'QuasarRAT', 'description': '(Citation: GitHub QuasarRAT) (Citation: Volexity Patchwork June 2018) (Citation: TrendMicro Patchwork Dec 2017)'}, {'source_name': 'xRAT', 'description': '(Citation: TrendMicro Patchwork Dec 2017)'}, {'source_name': 'GitHub QuasarRAT', 'description': 'MaxXor. (n.d.). QuasarRAT. Retrieved July 10, 2018.', 'url': 'https://github.com/quasar/QuasarRAT'}, {'source_name': 'Volexity Patchwork June 2018', 'description': 'Meltzer, M, et al. (2018, June 07). Patchwork APT Group Targets US Think Tanks. Retrieved July 16, 2018.', 'url': 'https://www.volexity.com/blog/2018/06/07/patchwork-apt-group-targets-us-think-tanks/'}, {'source_name': 'TrendMicro Patchwork Dec 2017', 'description': 'Lunghi, D., et al. (2017, December). Untangling the Patchwork Cyberespionage Group. Retrieved July 10, 2018.', 'url': 'https://documents.trendmicro.com/assets/tech-brief-untangling-the-patchwork-cyberespionage-group.pdf'}]","1.0","['Windows']","['marking-definition--fa42a846-8d90-4e51-bc29-71d5b4802168']","QuasarRAT","['QuasarRAT', 'xRAT']","2.1","2.1.0","['enterprise-attack']","identity--c78cb6e5-0c4b-4611-8297-d1b8b55e40b5",""
"tool","tool--3ffbdc1f-d2bf-41ab-91a2-c7b857e98079","2019-03-25T12:30:40.919Z","2019-04-19T19:04:55.892Z","S0364","identity--c78cb6e5-0c4b-4611-8297-d1b8b55e40b5","[RawDisk](S0364) is a legitimate commercial driver from the EldoS Corporation that is used for interacting with files, disks, and partitions. The driver allows for direct modification of data on a local computer's hard drive. In some cases, the tool can enact these raw disk modifications from user-mode processes, circumventing Windows operating system security features.(Citation: EldoS RawDisk ITpro)(Citation: Novetta Blockbuster Destructive Malware)","[{'external_id': 'S0364', 'source_name': 'mitre-attack', 'url': 'https://attack.mitre.org/software/S0364'}, {'source_name': 'EldoS RawDisk ITpro', 'description': 'Edwards, M. (2007, March 14). EldoS Provides Raw Disk Access for Vista and XP. Retrieved March 26, 2019.', 'url': 'https://www.itprotoday.com/windows-78/eldos-provides-raw-disk-access-vista-and-xp'}, {'source_name': 'Novetta Blockbuster Destructive Malware', 'description': 'Novetta Threat Research Group. (2016, February 24). Operation Blockbuster: Destructive Malware Report. Retrieved March 2, 2016.', 'url': 'https://operationblockbuster.com/wp-content/uploads/2016/02/Operation-Blockbuster-Destructive-Malware-Report.pdf'}]","1.0","['Windows']","['marking-definition--fa42a846-8d90-4e51-bc29-71d5b4802168']","RawDisk","['RawDisk']","2.1","2.1.0","['enterprise-attack']","identity--c78cb6e5-0c4b-4611-8297-d1b8b55e40b5",""
"tool","tool--cde2d700-9ed1-46cf-9bce-07364fe8b24f","2017-05-31T21:32:49.000Z","2018-10-17T00:14:20.652Z","S0075","identity--c78cb6e5-0c4b-4611-8297-d1b8b55e40b5","[Reg](S0075) is a Windows utility used to interact with the Windows Registry. It can be used at the command-line interface to query, add, modify, and remove information. (Citation: Microsoft Reg)

Utilities such as [Reg](S0075) are known to be used by persistent threats. (Citation: Windows Commands JPCERT)","[{'external_id': 'S0075', 'source_name': 'mitre-attack', 'url': 'https://attack.mitre.org/software/S0075'}, {'source_name': 'Microsoft Reg', 'description': 'Microsoft. (2012, April 17). Reg. Retrieved May 1, 2015.', 'url': 'https://technet.microsoft.com/en-us/library/cc732643.aspx'}, {'source_name': 'Windows Commands JPCERT', 'description': 'Tomonaga, S. (2016, January 26). Windows Commands Abused by Attackers. Retrieved February 2, 2016.', 'url': 'http://blog.jpcert.or.jp/2016/01/windows-commands-abused-by-attackers.html'}]","1.0","['Windows']","['marking-definition--fa42a846-8d90-4e51-bc29-71d5b4802168']","Reg","['Reg', 'reg.exe']","2.1","2.1.0","['enterprise-attack']","identity--c78cb6e5-0c4b-4611-8297-d1b8b55e40b5",""
"tool","tool--7cd0bc75-055b-4098-a00e-83dc8beaff14","2019-01-29T18:55:20.245Z","2019-04-19T14:39:52.796Z","S0332","identity--c78cb6e5-0c4b-4611-8297-d1b8b55e40b5","[Remcos](S0332) is a closed-source tool that is marketed as a remote control and surveillance software by a company called Breaking Security. [Remcos](S0332) has been observed being used in malware campaigns.(Citation: Riskiq Remcos Jan 2018)(Citation: Talos Remcos Aug 2018)","[{'external_id': 'S0332', 'source_name': 'mitre-attack', 'url': 'https://attack.mitre.org/software/S0332'}, {'source_name': 'Remcos', 'description': '(Citation: Riskiq Remcos Jan 2018)(Citation: Fortinet Remcos Feb 2017)(Citation: Talos Remcos Aug 2018)'}, {'source_name': 'Riskiq Remcos Jan 2018', 'description': 'Klijnsma, Y. (2018, January 23). Espionage Campaign Leverages Spear Phishing, RATs Against Turkish Defense Contractors. Retrieved November 6, 2018.', 'url': 'https://www.riskiq.com/blog/labs/spear-phishing-turkish-defense-contractors/'}, {'source_name': 'Talos Remcos Aug 2018', 'description': 'Brumaghin, E., Unterbrink, H. (2018, August 22). Picking Apart Remcos Botnet-In-A-Box. Retrieved November 6, 2018.', 'url': 'https://blog.talosintelligence.com/2018/08/picking-apart-remcos.html'}, {'source_name': 'Fortinet Remcos Feb 2017', 'description': 'Bacurio, F., Salvio, J. (2017, February 14). REMCOS: A New RAT In The Wild. Retrieved November 6, 2018.', 'url': 'https://www.fortinet.com/blog/threat-research/remcos-a-new-rat-in-the-wild-2.html'}]","1.0","['Windows']","['marking-definition--fa42a846-8d90-4e51-bc29-71d5b4802168']","Remcos","['Remcos']","2.1","2.1.0","['enterprise-attack']","identity--c78cb6e5-0c4b-4611-8297-d1b8b55e40b5",""
"tool","tool--a1dd2dbd-1550-44bf-abcc-1a4c52e97719","2018-01-16T16:13:52.465Z","2018-10-17T00:14:20.652Z","S0174","identity--c78cb6e5-0c4b-4611-8297-d1b8b55e40b5","Responder is an open source tool used for LLMNR, NBT-NS and MDNS poisoning, with built-in HTTP/SMB/MSSQL/FTP/LDAP rogue authentication server supporting NTLMv1/NTLMv2/LMv2, Extended Security NTLMSSP and Basic HTTP authentication. (Citation: GitHub Responder)","[{'external_id': 'S0174', 'source_name': 'mitre-attack', 'url': 'https://attack.mitre.org/software/S0174'}, {'source_name': 'GitHub Responder', 'description': 'Gaffie, L. (2016, August 25). Responder. Retrieved November 17, 2017.', 'url': 'https://github.com/SpiderLabs/Responder'}]","1.0","['Windows']","['marking-definition--fa42a846-8d90-4e51-bc29-71d5b4802168']","Responder","['Responder']","2.1","2.1.0","['enterprise-attack']","identity--c78cb6e5-0c4b-4611-8297-d1b8b55e40b5",""
"tool","tool--90ac9266-68ce-46f2-b24f-5eb3b2a8ea38","2019-02-04T18:27:00.501Z","2019-04-22T19:07:12.485Z","S0358","identity--c78cb6e5-0c4b-4611-8297-d1b8b55e40b5","[Ruler](S0358) is a tool to abuse Microsoft Exchange services. It is publicly available on GitHub and the tool is executed via the command line. The creators of [Ruler](S0358) have also released a defensive tool, NotRuler, to detect its usage.(Citation: SensePost Ruler GitHub)(Citation: SensePost NotRuler)","[{'external_id': 'S0358', 'source_name': 'mitre-attack', 'url': 'https://attack.mitre.org/software/S0358'}, {'source_name': 'SensePost Ruler GitHub', 'description': 'SensePost. (2016, August 18). Ruler: A tool to abuse Exchange services. Retrieved February 4, 2019.', 'url': 'https://github.com/sensepost/ruler'}, {'source_name': 'SensePost NotRuler', 'description': 'SensePost. (2017, September 21). NotRuler - The opposite of Ruler, provides blue teams with the ability to detect Ruler usage against Exchange. Retrieved February 4, 2019.', 'url': 'https://github.com/sensepost/notruler'}]","1.0","['Windows']","['marking-definition--fa42a846-8d90-4e51-bc29-71d5b4802168']","Ruler","['Ruler']","2.1","2.1.0","['enterprise-attack']","identity--c78cb6e5-0c4b-4611-8297-d1b8b55e40b5",""
"tool","tool--d8d19e33-94fd-4aa3-b94a-08ee801a2153","2018-04-18T17:59:24.739Z","2019-04-24T00:37:08.653Z","S0195","identity--c78cb6e5-0c4b-4611-8297-d1b8b55e40b5","[SDelete](S0195) is an application that securely deletes data in a way that makes it unrecoverable. It is part of the Microsoft Sysinternals suite of tools. (Citation: Microsoft SDelete July 2016)","[{'external_id': 'S0195', 'source_name': 'mitre-attack', 'url': 'https://attack.mitre.org/software/S0195'}, {'source_name': 'SDelete', 'description': '(Citation: Microsoft SDelete July 2016)'}, {'source_name': 'Microsoft SDelete July 2016', 'description': 'Russinovich, M. (2016, July 4). SDelete v2.0. Retrieved February 8, 2018.', 'url': 'https://docs.microsoft.com/en-us/sysinternals/downloads/sdelete'}]","1.1","['Windows']","['marking-definition--fa42a846-8d90-4e51-bc29-71d5b4802168']","SDelete","['SDelete']","2.1","2.1.0","['enterprise-attack']","identity--c78cb6e5-0c4b-4611-8297-d1b8b55e40b5",""
"tool","tool--7fcbc4e8-1989-441f-9ac5-e7b6ff5806f1","2017-05-31T21:33:00.969Z","2018-10-17T00:14:20.652Z","S0096","identity--c78cb6e5-0c4b-4611-8297-d1b8b55e40b5","[Systeminfo](S0096) is a Windows utility that can be used to gather detailed information about a computer. (Citation: TechNet Systeminfo)","[{'external_id': 'S0096', 'source_name': 'mitre-attack', 'url': 'https://attack.mitre.org/software/S0096'}, {'source_name': 'TechNet Systeminfo', 'description': 'Microsoft. (n.d.). Systeminfo. Retrieved April 8, 2016.', 'url': 'https://technet.microsoft.com/en-us/library/bb491007.aspx'}]","1.0","['Windows']","['marking-definition--fa42a846-8d90-4e51-bc29-71d5b4802168']","Systeminfo","['systeminfo.exe', 'Systeminfo']","2.1","2.1.0","['enterprise-attack']","identity--c78cb6e5-0c4b-4611-8297-d1b8b55e40b5",""
"tool","tool--2e45723a-31da-4a7e-aaa6-e01998a6788f","2017-05-31T21:32:39.233Z","2018-10-17T00:14:20.652Z","S0057","identity--c78cb6e5-0c4b-4611-8297-d1b8b55e40b5","The [Tasklist](S0057) utility displays a list of applications and services with their Process IDs (PID) for all tasks running on either a local or a remote computer. It is packaged with Windows operating systems and can be executed from the command-line interface. (Citation: Microsoft Tasklist)","[{'external_id': 'S0057', 'source_name': 'mitre-attack', 'url': 'https://attack.mitre.org/software/S0057'}, {'source_name': 'Microsoft Tasklist', 'description': 'Microsoft. (n.d.). Tasklist. Retrieved December 23, 2015.', 'url': 'https://technet.microsoft.com/en-us/library/bb491010.aspx'}]","1.0","['Windows']","['marking-definition--fa42a846-8d90-4e51-bc29-71d5b4802168']","Tasklist","['Tasklist']","2.1","2.1.0","['enterprise-attack']","identity--c78cb6e5-0c4b-4611-8297-d1b8b55e40b5",""
"tool","tool--ed7d0cb1-87a6-43b4-9f46-ef1bc56d6c68","2018-01-16T16:13:52.465Z","2018-10-17T00:14:20.652Z","S0183","identity--c78cb6e5-0c4b-4611-8297-d1b8b55e40b5","[Tor](S0183) is a software suite and network that provides increased anonymity on the Internet. It creates a multi-hop proxy network and utilizes multilayer encryption to protect both the message and routing information. [Tor](S0183) utilizes ""Onion Routing,"" in which messages are encrypted with multiple layers of encryption; at each step in the proxy network, the topmost layer is decrypted and the contents forwarded on to the next node until it reaches its destination. (Citation: Dingledine Tor The Second-Generation Onion Router)","[{'external_id': 'S0183', 'source_name': 'mitre-attack', 'url': 'https://attack.mitre.org/software/S0183'}, {'source_name': 'Tor', 'description': '(Citation: Dingledine Tor The Second-Generation Onion Router)'}, {'source_name': 'Dingledine Tor The Second-Generation Onion Router', 'description': 'Roger Dingledine, Nick Mathewson and Paul Syverson. (2004). Tor: The Second-Generation Onion Router. Retrieved December 21, 2017.', 'url': 'http://www.dtic.mil/dtic/tr/fulltext/u2/a465464.pdf'}]","1.0","['Linux', 'Windows', 'macOS']","['marking-definition--fa42a846-8d90-4e51-bc29-71d5b4802168']","Tor","['Tor']","2.1","2.1.0","['enterprise-attack']","identity--c78cb6e5-0c4b-4611-8297-d1b8b55e40b5",""
"tool","tool--102c3898-85e0-43ee-ae28-62a0a3ed9507","2017-05-31T21:33:09.047Z","2018-10-17T00:14:20.652Z","S0116","identity--c78cb6e5-0c4b-4611-8297-d1b8b55e40b5","[UACMe](S0116) is an open source assessment tool that contains many methods for bypassing Windows User Account Control on multiple versions of the operating system. (Citation: Github UACMe)","[{'external_id': 'S0116', 'source_name': 'mitre-attack', 'url': 'https://attack.mitre.org/software/S0116'}, {'source_name': 'Github UACMe', 'description': 'UACME Project. (2016, June 16). UACMe. Retrieved July 26, 2016.', 'url': 'https://github.com/hfiref0x/UACME'}]","1.0","['Windows']","['marking-definition--fa42a846-8d90-4e51-bc29-71d5b4802168']","UACMe","['UACMe']","2.1","2.1.0","['enterprise-attack']","identity--c78cb6e5-0c4b-4611-8297-d1b8b55e40b5",""
"tool","tool--242f3da3-4425-4d11-8f5c-b842886da966","2017-05-31T21:32:12.684Z","2018-10-17T00:14:20.652Z","S0005","identity--c78cb6e5-0c4b-4611-8297-d1b8b55e40b5","[Windows Credential Editor](S0005) is a password dumping tool. (Citation: Amplia WCE)","[{'external_id': 'S0005', 'source_name': 'mitre-attack', 'url': 'https://attack.mitre.org/software/S0005'}, {'source_name': 'Amplia WCE', 'description': 'Amplia Security. (n.d.). Windows Credentials Editor (WCE) F.A.Q.. Retrieved December 17, 2015.', 'url': 'http://www.ampliasecurity.com/research/wcefaq.html'}]","1.0","['Windows']","['marking-definition--fa42a846-8d90-4e51-bc29-71d5b4802168']","Windows Credential Editor","['Windows Credential Editor', 'WCE']","2.1","2.1.0","['enterprise-attack']","identity--c78cb6e5-0c4b-4611-8297-d1b8b55e40b5",""
"tool","tool--96fd6cc4-a693-4118-83ec-619e5352d07d","2018-04-18T17:59:24.739Z","2018-10-17T00:14:20.652Z","S0191","identity--c78cb6e5-0c4b-4611-8297-d1b8b55e40b5","[Winexe](S0191) is a lightweight, open source tool similar to [PsExec](S0029) designed to allow system administrators to execute commands on remote servers. (Citation: Winexe Github Sept 2013) [Winexe](S0191) is unique in that it is a GNU/Linux based client. (Citation: Überwachung APT28 Forfiles June 2015)","[{'external_id': 'S0191', 'source_name': 'mitre-attack', 'url': 'https://attack.mitre.org/software/S0191'}, {'source_name': 'Winexe', 'description': '(Citation: Winexe Github Sept 2013) (Citation: Überwachung APT28 Forfiles June 2015)'}, {'source_name': 'Winexe Github Sept 2013', 'description': 'Skalkotos, N. (2013, September 20). WinExe. Retrieved January 22, 2018.', 'url': 'https://github.com/skalkoto/winexe/'}, {'source_name': 'Überwachung APT28 Forfiles June 2015', 'description': 'Guarnieri, C. (2015, June 19). Digital Attack on German Parliament: Investigative Report on the Hack of the Left Party Infrastructure in Bundestag. Retrieved January 22, 2018.', 'url': 'https://netzpolitik.org/2015/digital-attack-on-german-parliament-investigative-report-on-the-hack-of-the-left-party-infrastructure-in-bundestag/'}]","1.0","['Windows']","['marking-definition--fa42a846-8d90-4e51-bc29-71d5b4802168']","Winexe","['Winexe']","2.1","2.1.0","['enterprise-attack']","identity--c78cb6e5-0c4b-4611-8297-d1b8b55e40b5",""
"tool","tool--0c8465c0-d0b4-4670-992e-4eee8d7ff952","2017-05-31T21:33:06.824Z","2018-10-17T00:14:20.652Z","S0110","identity--c78cb6e5-0c4b-4611-8297-d1b8b55e40b5","[at](S0110) is used to schedule tasks on a system to run at a specified date or time. (Citation: TechNet At)","[{'external_id': 'S0110', 'source_name': 'mitre-attack', 'url': 'https://attack.mitre.org/software/S0110'}, {'source_name': 'TechNet At', 'description': 'Microsoft. (n.d.). At. Retrieved April 28, 2016.', 'url': 'https://technet.microsoft.com/en-us/library/bb490866.aspx'}]","1.0","['Linux', 'Windows', 'macOS']","['marking-definition--fa42a846-8d90-4e51-bc29-71d5b4802168']","at","['at', 'at.exe']","2.1","2.1.0","['enterprise-attack']","identity--c78cb6e5-0c4b-4611-8297-d1b8b55e40b5",""
"tool","tool--0a68f1f1-da74-4d28-8d9a-696c082706cc","2017-12-14T16:46:06.044Z","2018-10-17T00:14:20.652Z","S0160","identity--c78cb6e5-0c4b-4611-8297-d1b8b55e40b5","[certutil](S0160) is a command-line utility that can be used to obtain certificate authority information and configure Certificate Services. (Citation: TechNet Certutil)","[{'external_id': 'S0160', 'source_name': 'mitre-attack', 'url': 'https://attack.mitre.org/software/S0160'}, {'source_name': 'TechNet Certutil', 'description': 'Microsoft. (2012, November 14). Certutil. Retrieved July 3, 2017.', 'url': 'https://technet.microsoft.com/library/cc732443.aspx'}]","1.0","['Windows']","['marking-definition--fa42a846-8d90-4e51-bc29-71d5b4802168']","certutil","['certutil', 'certutil.exe']","2.1","2.1.0","['enterprise-attack']","identity--c78cb6e5-0c4b-4611-8297-d1b8b55e40b5",""
"tool","tool--bba595da-b73a-4354-aa6c-224d4de7cb4e","2017-05-31T21:33:05.319Z","2018-10-17T00:14:20.652Z","S0106","identity--c78cb6e5-0c4b-4611-8297-d1b8b55e40b5","[cmd](S0106) is the Windows command-line interpreter that can be used to interact with systems and execute other processes and utilities. (Citation: TechNet Cmd)

Cmd.exe contains native functionality to perform many operations to interact with the system, including listing files in a directory (e.g., `dir` (Citation: TechNet Dir)), deleting files (e.g., `del` (Citation: TechNet Del)), and copying files (e.g., `copy` (Citation: TechNet Copy)).","[{'external_id': 'S0106', 'source_name': 'mitre-attack', 'url': 'https://attack.mitre.org/software/S0106'}, {'source_name': 'TechNet Cmd', 'description': 'Microsoft. (n.d.). Cmd. Retrieved April 18, 2016.', 'url': 'https://technet.microsoft.com/en-us/library/bb490880.aspx'}, {'source_name': 'TechNet Dir', 'description': 'Microsoft. (n.d.). Dir. Retrieved April 18, 2016.', 'url': 'https://technet.microsoft.com/en-us/library/cc755121.aspx'}, {'source_name': 'TechNet Del', 'description': 'Microsoft. (n.d.). Del. Retrieved April 22, 2016.', 'url': 'https://technet.microsoft.com/en-us/library/cc771049.aspx'}, {'source_name': 'TechNet Copy', 'description': 'Microsoft. (n.d.). Copy. Retrieved April 26, 2016.', 'url': 'https://technet.microsoft.com/en-us/library/bb490886.aspx'}]","1.0","['Windows']","['marking-definition--fa42a846-8d90-4e51-bc29-71d5b4802168']","cmd","['cmd', 'cmd.exe']","2.1","2.1.0","['enterprise-attack']","identity--c78cb6e5-0c4b-4611-8297-d1b8b55e40b5",""
"tool","tool--38952eac-cb1b-4a71-bad2-ee8223a1c8fe","2017-05-31T21:33:04.937Z","2019-04-25T00:08:30.081Z","S0105","identity--c78cb6e5-0c4b-4611-8297-d1b8b55e40b5","[dsquery](S0105) is a command-line utility that can be used to query Active Directory for information from a system within a domain. (Citation: TechNet Dsquery) It is typically installed only on Windows Server versions but can be installed on non-server variants through the Microsoft-provided Remote Server Administration Tools bundle.","[{'external_id': 'S0105', 'source_name': 'mitre-attack', 'url': 'https://attack.mitre.org/software/S0105'}, {'source_name': 'TechNet Dsquery', 'description': 'Microsoft. (n.d.). Dsquery. Retrieved April 18, 2016.', 'url': 'https://technet.microsoft.com/en-us/library/cc732952.aspx'}]","1.1","['Windows']","['marking-definition--fa42a846-8d90-4e51-bc29-71d5b4802168']","dsquery","['dsquery', 'dsquery.exe']","2.1","2.1.0","['enterprise-attack']","identity--c78cb6e5-0c4b-4611-8297-d1b8b55e40b5",""
"tool","tool--b07c2c47-fefb-4d7c-a69e-6a3296171f54","2017-05-31T21:32:13.755Z","2018-10-17T00:14:20.652Z","S0008","identity--c78cb6e5-0c4b-4611-8297-d1b8b55e40b5","[gsecdump](S0008) is a publicly-available credential dumper used to obtain password hashes and LSA secrets from Windows operating systems. (Citation: TrueSec Gsecdump)","[{'external_id': 'S0008', 'source_name': 'mitre-attack', 'url': 'https://attack.mitre.org/software/S0008'}, {'source_name': 'TrueSec Gsecdump', 'description': 'TrueSec. (n.d.). gsecdump v2.0b5. Retrieved September 29, 2015.', 'url': 'https://www.truesec.se/sakerhet/verktyg/saakerhet/gsecdump_v2.0b5'}]","1.0","['Windows']","['marking-definition--fa42a846-8d90-4e51-bc29-71d5b4802168']","gsecdump","['gsecdump']","2.1","2.1.0","['enterprise-attack']","identity--c78cb6e5-0c4b-4611-8297-d1b8b55e40b5",""
"tool","tool--362dc67f-4e85-4562-9dac-1b6b7f3ec4b5","2017-05-31T21:33:03.377Z","2018-10-17T00:14:20.652Z","S0101","identity--c78cb6e5-0c4b-4611-8297-d1b8b55e40b5","[ifconfig](S0101) is a Unix-based utility used to gather information about and interact with the TCP/IP settings on a system. (Citation: Wikipedia Ifconfig)","[{'external_id': 'S0101', 'source_name': 'mitre-attack', 'url': 'https://attack.mitre.org/software/S0101'}, {'source_name': 'Wikipedia Ifconfig', 'description': 'Wikipedia. (2016, January 26). ifconfig. Retrieved April 17, 2016.', 'url': 'https://en.wikipedia.org/wiki/Ifconfig'}]","1.0","['Linux']","['marking-definition--fa42a846-8d90-4e51-bc29-71d5b4802168']","ifconfig","['ifconfig']","2.1","2.1.0","['enterprise-attack']","identity--c78cb6e5-0c4b-4611-8297-d1b8b55e40b5",""
"tool","tool--294e2560-bd48-44b2-9da2-833b5588ad11","2017-05-31T21:33:02.863Z","2018-10-17T00:14:20.652Z","S0100","identity--c78cb6e5-0c4b-4611-8297-d1b8b55e40b5","[ipconfig](S0100) is a Windows utility that can be used to find information about a system's TCP/IP, DNS, DHCP, and adapter configuration. (Citation: TechNet Ipconfig)","[{'external_id': 'S0100', 'source_name': 'mitre-attack', 'url': 'https://attack.mitre.org/software/S0100'}, {'source_name': 'TechNet Ipconfig', 'description': 'Microsoft. (n.d.). Ipconfig. Retrieved April 17, 2016.', 'url': 'https://technet.microsoft.com/en-us/library/bb490921.aspx'}]","1.0","['Windows']","['marking-definition--fa42a846-8d90-4e51-bc29-71d5b4802168']","ipconfig","['ipconfig', 'ipconfig.exe']","2.1","2.1.0","['enterprise-attack']","identity--c78cb6e5-0c4b-4611-8297-d1b8b55e40b5",""
"tool","tool--65370d0b-3bd4-4653-8cf9-daf56f6be830","2018-01-16T16:13:52.465Z","2018-10-17T00:14:20.652Z","S0175","identity--c78cb6e5-0c4b-4611-8297-d1b8b55e40b5","[meek](S0175) is an open-source Tor plugin that tunnels Tor traffic through HTTPS connections.","[{'external_id': 'S0175', 'source_name': 'mitre-attack', 'url': 'https://attack.mitre.org/software/S0175'}]","1.0","['Linux', 'Windows', 'macOS']","['marking-definition--fa42a846-8d90-4e51-bc29-71d5b4802168']","meek","['meek']","2.1","2.1.0","['enterprise-attack']","identity--c78cb6e5-0c4b-4611-8297-d1b8b55e40b5",""
"tool","tool--b35068ec-107a-4266-bda8-eb7036267aea","2017-05-31T21:33:03.773Z","2018-10-17T00:14:20.652Z","S0102","identity--c78cb6e5-0c4b-4611-8297-d1b8b55e40b5","[nbtstat](S0102) is a utility used to troubleshoot NetBIOS name resolution. (Citation: TechNet Nbtstat)","[{'external_id': 'S0102', 'source_name': 'mitre-attack', 'url': 'https://attack.mitre.org/software/S0102'}, {'source_name': 'TechNet Nbtstat', 'description': 'Microsoft. (n.d.). Nbtstat. Retrieved April 17, 2016.', 'url': 'https://technet.microsoft.com/en-us/library/cc940106.aspx'}]","1.0","['Windows']","['marking-definition--fa42a846-8d90-4e51-bc29-71d5b4802168']","nbtstat","['nbtstat', 'nbtstat.exe']","2.1","2.1.0","['enterprise-attack']","identity--c78cb6e5-0c4b-4611-8297-d1b8b55e40b5",""
"tool","tool--5a63f900-5e7e-4928-a746-dd4558e1df71","2017-05-31T21:33:06.083Z","2018-10-17T00:14:20.652Z","S0108","identity--c78cb6e5-0c4b-4611-8297-d1b8b55e40b5","[netsh](S0108) is a scripting utility used to interact with networking components on local or remote systems. (Citation: TechNet Netsh)","[{'external_id': 'S0108', 'source_name': 'mitre-attack', 'url': 'https://attack.mitre.org/software/S0108'}, {'source_name': 'TechNet Netsh', 'description': 'Microsoft. (n.d.). Using Netsh. Retrieved February 13, 2017.', 'url': 'https://technet.microsoft.com/library/bb490939.aspx'}]","1.0","['Windows']","['marking-definition--fa42a846-8d90-4e51-bc29-71d5b4802168']","netsh","['netsh', 'netsh.exe']","2.1","2.1.0","['enterprise-attack']","identity--c78cb6e5-0c4b-4611-8297-d1b8b55e40b5",""
"tool","tool--4664b683-f578-434f-919b-1c1aad2a1111","2017-05-31T21:33:04.545Z","2018-10-17T00:14:20.652Z","S0104","identity--c78cb6e5-0c4b-4611-8297-d1b8b55e40b5","[netstat](S0104) is an operating system utility that displays active TCP connections, listening ports, and network statistics. (Citation: TechNet Netstat)","[{'external_id': 'S0104', 'source_name': 'mitre-attack', 'url': 'https://attack.mitre.org/software/S0104'}, {'source_name': 'TechNet Netstat', 'description': 'Microsoft. (n.d.). Netstat. Retrieved April 17, 2016.', 'url': 'https://technet.microsoft.com/en-us/library/bb490947.aspx'}]","1.0","['Windows', 'Linux', 'macOS']","['marking-definition--fa42a846-8d90-4e51-bc29-71d5b4802168']","netstat","['netstat', 'netstat.exe']","2.1","2.1.0","['enterprise-attack']","identity--c78cb6e5-0c4b-4611-8297-d1b8b55e40b5",""
"tool","tool--9de2308e-7bed-43a3-8e58-f194b3586700","2017-05-31T21:32:13.051Z","2018-10-17T00:14:20.652Z","S0006","identity--c78cb6e5-0c4b-4611-8297-d1b8b55e40b5","[pwdump](S0006) is a credential dumper. (Citation: Wikipedia pwdump)","[{'external_id': 'S0006', 'source_name': 'mitre-attack', 'url': 'https://attack.mitre.org/software/S0006'}, {'source_name': 'Wikipedia pwdump', 'description': 'Wikipedia. (1985, June 22). pwdump. Retrieved June 22, 2016.', 'url': 'https://en.wikipedia.org/wiki/Pwdump'}]","1.0","['Windows']","['marking-definition--fa42a846-8d90-4e51-bc29-71d5b4802168']","pwdump","['pwdump']","2.1","2.1.0","['enterprise-attack']","identity--c78cb6e5-0c4b-4611-8297-d1b8b55e40b5",""
"tool","tool--c11ac61d-50f4-444f-85d8-6f006067f0de","2017-05-31T21:33:04.151Z","2018-10-17T00:14:20.652Z","S0103","identity--c78cb6e5-0c4b-4611-8297-d1b8b55e40b5","[route](S0103) can be used to find or change information within the local system IP routing table. (Citation: TechNet Route)","[{'external_id': 'S0103', 'source_name': 'mitre-attack', 'url': 'https://attack.mitre.org/software/S0103'}, {'source_name': 'TechNet Route', 'description': 'Microsoft. (n.d.). Route. Retrieved April 17, 2016.', 'url': 'https://technet.microsoft.com/en-us/library/bb490991.aspx'}]","1.0","['Linux', 'Windows', 'macOS']","['marking-definition--fa42a846-8d90-4e51-bc29-71d5b4802168']","route","['route', 'route.exe']","2.1","2.1.0","['enterprise-attack']","identity--c78cb6e5-0c4b-4611-8297-d1b8b55e40b5",""
"tool","tool--c9703cd3-141c-43a0-a926-380082be5d04","2017-05-31T21:33:07.218Z","2018-10-17T00:14:20.652Z","S0111","identity--c78cb6e5-0c4b-4611-8297-d1b8b55e40b5","[schtasks](S0111) is used to schedule execution of programs or scripts on a Windows system to run at a specific date and time. (Citation: TechNet Schtasks)","[{'external_id': 'S0111', 'source_name': 'mitre-attack', 'url': 'https://attack.mitre.org/software/S0111'}, {'source_name': 'TechNet Schtasks', 'description': 'Microsoft. (n.d.). Schtasks. Retrieved April 28, 2016.', 'url': 'https://technet.microsoft.com/en-us/library/bb490996.aspx'}]","1.0","['Windows']","['marking-definition--fa42a846-8d90-4e51-bc29-71d5b4802168']","schtasks","['schtasks', 'schtasks.exe']","2.1","2.1.0","['enterprise-attack']","identity--c78cb6e5-0c4b-4611-8297-d1b8b55e40b5",""
"tool","tool--33b9e38f-103c-412d-bdcf-904a91fff1e4","2018-04-18T17:59:24.739Z","2018-10-17T00:14:20.652Z","S0227","identity--c78cb6e5-0c4b-4611-8297-d1b8b55e40b5","[spwebmember](S0227) is a Microsoft SharePoint enumeration and data dumping tool written in .NET. (Citation: NCC Group APT15 Alive and Strong)","[{'external_id': 'S0227', 'source_name': 'mitre-attack', 'url': 'https://attack.mitre.org/software/S0227'}, {'source_name': 'spwebmember', 'description': '(Citation: NCC Group APT15 Alive and Strong)'}, {'source_name': 'NCC Group APT15 Alive and Strong', 'description': 'Smallridge, R. (2018, March 10). APT15 is alive and strong: An analysis of RoyalCli and RoyalDNS. Retrieved April 4, 2018.', 'url': 'https://www.nccgroup.trust/uk/about-us/newsroom-and-events/blogs/2018/march/apt15-is-alive-and-strong-an-analysis-of-royalcli-and-royaldns/'}]","1.0","['Windows']","['marking-definition--fa42a846-8d90-4e51-bc29-71d5b4802168']","spwebmember","['spwebmember']","2.1","2.1.0","['enterprise-attack']","identity--c78cb6e5-0c4b-4611-8297-d1b8b55e40b5",""
"tool","tool--9a2640c2-9f43-46fe-b13f-bde881e55555","2018-04-18T17:59:24.739Z","2018-10-17T00:14:20.652Z","S0225","identity--c78cb6e5-0c4b-4611-8297-d1b8b55e40b5","[sqlmap](S0225) is an open source penetration testing tool that can be used to automate the process of detecting and exploiting SQL injection flaws. (Citation: sqlmap Introduction)","[{'external_id': 'S0225', 'source_name': 'mitre-attack', 'url': 'https://attack.mitre.org/software/S0225'}, {'source_name': 'sqlmap Introduction', 'description': 'Damele, B., Stampar, M. (n.d.). sqlmap. Retrieved March 19, 2018.', 'url': 'http://sqlmap.org/'}]","1.0","['Linux', 'Windows', 'macOS']","['marking-definition--fa42a846-8d90-4e51-bc29-71d5b4802168']","sqlmap","['sqlmap']","2.1","2.1.0","['enterprise-attack']","identity--c78cb6e5-0c4b-4611-8297-d1b8b55e40b5",""
"tool","tool--4fa49fc0-9162-4bdb-a37e-7aa3dcb6d38b","2017-05-31T21:33:11.941Z","2018-10-17T00:14:20.652Z","S0123","identity--c78cb6e5-0c4b-4611-8297-d1b8b55e40b5","[xCmd](S0123) is an open source tool that is similar to [PsExec](S0029) and allows the user to execute applications on remote systems. (Citation: xCmd)","[{'external_id': 'S0123', 'source_name': 'mitre-attack', 'url': 'https://attack.mitre.org/software/S0123'}, {'source_name': 'xCmd', 'description': 'Rayaprolu, A.. (2011, April 12). xCmd an Alternative to PsExec. Retrieved August 10, 2016.', 'url': 'https://ashwinrayaprolu.wordpress.com/2011/04/12/xcmd-an-alternative-to-psexec/'}]","1.0","['Windows']","['marking-definition--fa42a846-8d90-4e51-bc29-71d5b4802168']","xCmd","['xCmd']","2.1","2.1.0","['enterprise-attack']","identity--c78cb6e5-0c4b-4611-8297-d1b8b55e40b5",""
