"type","id","created","modified","x_mitre_platforms","x_mitre_domains","x_mitre_contributors","x_mitre_aliases","object_marking_refs","created_by_ref","external_references","name","description","x_mitre_version","x_mitre_attack_spec_version","x_mitre_modified_by_ref","spec_version","x_mitre_deprecated","revoked"
"tool","tool--03342581-f790-4f03-ba41-e82e67392e23","2017-05-31T21:32:31.601Z","2021-10-15T20:33:54.392Z","['Windows']","['enterprise-attack']","['David Ferguson, CyberSponse']","['Net', 'net.exe']","['marking-definition--fa42a846-8d90-4e51-bc29-71d5b4802168']","identity--c78cb6e5-0c4b-4611-8297-d1b8b55e40b5","[{'source_name': 'mitre-attack', 'url': 'https://attack.mitre.org/software/S0039', 'external_id': 'S0039'}, {'url': 'https://msdn.microsoft.com/en-us/library/aa939914', 'description': 'Microsoft. (2006, October 18). Net.exe Utility. Retrieved September 22, 2015.', 'source_name': 'Microsoft Net Utility'}, {'source_name': 'Savill 1999', 'description': 'Savill, J. (1999, March 4). Net.exe reference. Retrieved September 22, 2015.', 'url': 'http://windowsitpro.com/windows/netexe-reference'}]","Net","The [Net](S0039) utility is a component of the Windows operating system. It is used in command-line operations for control of users, groups, services, and network connections. (Citation: Microsoft Net Utility)

[Net](S0039) has a great deal of functionality, (Citation: Savill 1999) much of which is useful for an adversary, such as gathering system and network information for Discovery, moving laterally through [SMB/Windows Admin Shares](T1021.002) using `net use` commands, and interacting with services. The net1.exe utility is executed for certain functionality when net.exe is run and can be used directly in commands such as `net1 user`.","2.3","2.1.0","identity--c78cb6e5-0c4b-4611-8297-d1b8b55e40b5","2.1","",""
"tool","tool--03c6e0ea-96d3-4b23-9afb-05055663cf4b","2021-03-18T14:57:34.628Z","2022-04-25T14:00:00.188Z","['Windows']","['enterprise-attack']","","['RemoteUtilities']","['marking-definition--fa42a846-8d90-4e51-bc29-71d5b4802168']","identity--c78cb6e5-0c4b-4611-8297-d1b8b55e40b5","[{'external_id': 'S0592', 'source_name': 'mitre-attack', 'url': 'https://attack.mitre.org/software/S0592'}, {'source_name': 'Trend Micro Muddy Water March 2021', 'url': 'https://www.trendmicro.com/en_us/research/21/c/earth-vetala---muddywater-continues-to-target-organizations-in-t.html', 'description': 'Peretz, A. and Theck, E. (2021, March 5). Earth Vetala – MuddyWater Continues to Target Organizations in the Middle East. Retrieved March 18, 2021.'}]","RemoteUtilities","[RemoteUtilities](S0592) is a legitimate remote administration tool that has been used by [MuddyWater](https://attack.mitre.org/groups/G0069) since at least 2021 for execution on target machines.(Citation: Trend Micro Muddy Water March 2021)","1.0","2.1.0","identity--c78cb6e5-0c4b-4611-8297-d1b8b55e40b5","2.1","",""
"tool","tool--066b057c-944e-4cfc-b654-e3dfba04b926","2020-10-28T12:51:29.358Z","2022-05-11T14:00:00.188Z","['Windows']","['enterprise-attack']","","['BloodHound']","['marking-definition--fa42a846-8d90-4e51-bc29-71d5b4802168']","identity--c78cb6e5-0c4b-4611-8297-d1b8b55e40b5","[{'source_name': 'mitre-attack', 'external_id': 'S0521', 'url': 'https://attack.mitre.org/software/S0521'}, {'source_name': 'FoxIT Wocao December 2019', 'url': 'https://www.fox-it.com/media/kadlze5c/201912_report_operation_wocao.pdf', 'description': 'Dantzig, M. v., Schamper, E. (2019, December 19). Operation Wocao: Shining a light on one of China’s hidden hacking groups. Retrieved October 8, 2020.'}, {'source_name': 'CrowdStrike BloodHound April 2018', 'url': 'https://www.crowdstrike.com/blog/hidden-administrative-accounts-bloodhound-to-the-rescue/', 'description': 'Red Team Labs. (2018, April 24). Hidden Administrative Accounts: BloodHound to the Rescue. Retrieved October 28, 2020.'}, {'source_name': 'GitHub Bloodhound', 'url': 'https://github.com/BloodHoundAD/BloodHound', 'description': 'Robbins, A., Vazarkar, R., and Schroeder, W. (2016, April 17). Bloodhound: Six Degrees of Domain Admin. Retrieved March 5, 2019.'}]","BloodHound","[BloodHound](S0521) is an Active Directory (AD) reconnaissance tool that can reveal hidden relationships and identify attack paths within an AD environment.(Citation: GitHub Bloodhound)(Citation: CrowdStrike BloodHound April 2018)(Citation: FoxIT Wocao December 2019)","1.2","2.1.0","identity--c78cb6e5-0c4b-4611-8297-d1b8b55e40b5","2.1","False","False"
"tool","tool--0a68f1f1-da74-4d28-8d9a-696c082706cc","2017-12-14T16:46:06.044Z","2022-04-25T14:00:00.188Z","['Windows']","['enterprise-attack']","","['certutil', 'certutil.exe']","['marking-definition--fa42a846-8d90-4e51-bc29-71d5b4802168']","identity--c78cb6e5-0c4b-4611-8297-d1b8b55e40b5","[{'source_name': 'mitre-attack', 'url': 'https://attack.mitre.org/software/S0160', 'external_id': 'S0160'}, {'url': 'https://technet.microsoft.com/library/cc732443.aspx', 'description': 'Microsoft. (2012, November 14). Certutil. Retrieved July 3, 2017.', 'source_name': 'TechNet Certutil'}]","certutil","[certutil](S0160) is a command-line utility that can be used to obtain certificate authority information and configure Certificate Services. (Citation: TechNet Certutil)","1.2","2.1.0","identity--c78cb6e5-0c4b-4611-8297-d1b8b55e40b5","2.1","",""
"tool","tool--0c8465c0-d0b4-4670-992e-4eee8d7ff952","2017-05-31T21:33:06.824Z","2022-05-11T14:00:00.188Z","['Linux', 'Windows', 'macOS']","['enterprise-attack']","","['at', 'at.exe']","['marking-definition--fa42a846-8d90-4e51-bc29-71d5b4802168']","identity--c78cb6e5-0c4b-4611-8297-d1b8b55e40b5","[{'source_name': 'mitre-attack', 'external_id': 'S0110', 'url': 'https://attack.mitre.org/software/S0110'}, {'source_name': 'Linux at', 'url': 'https://man7.org/linux/man-pages/man1/at.1p.html', 'description': 'IEEE/The Open Group. (2017). at(1p) — Linux manual page. Retrieved February 25, 2022.'}, {'source_name': 'TechNet At', 'url': 'https://technet.microsoft.com/en-us/library/bb490866.aspx', 'description': 'Microsoft. (n.d.). At. Retrieved April 28, 2016.'}]","at","[at](S0110) is used to schedule tasks on a system to run at a specified date or time.(Citation: TechNet At)(Citation: Linux at)","1.2","2.1.0","identity--c78cb6e5-0c4b-4611-8297-d1b8b55e40b5","2.1","False","False"
"tool","tool--102c3898-85e0-43ee-ae28-62a0a3ed9507","2017-05-31T21:33:09.047Z","2022-04-25T14:00:00.188Z","","['enterprise-attack']","","","['marking-definition--fa42a846-8d90-4e51-bc29-71d5b4802168']","identity--c78cb6e5-0c4b-4611-8297-d1b8b55e40b5","[{'source_name': 'mitre-attack', 'url': 'https://attack.mitre.org/software/S0116', 'external_id': 'S0116'}, {'source_name': 'Github UACMe', 'description': 'UACME Project. (2016, June 16). UACMe. Retrieved July 26, 2016.', 'url': 'https://github.com/hfiref0x/UACME'}]","UACMe","[UACMe](S0116) is an open source assessment tool that contains many methods for bypassing Windows User Account Control on multiple versions of the operating system. (Citation: Github UACMe)","1.0","2.1.0","identity--c78cb6e5-0c4b-4611-8297-d1b8b55e40b5","2.1","",""
"tool","tool--115f88dd-0618-4389-83cb-98d33ae81848","2020-05-12T21:29:48.294Z","2022-04-25T14:00:00.188Z","['Windows']","['enterprise-attack']","","['ShimRatReporter']","['marking-definition--fa42a846-8d90-4e51-bc29-71d5b4802168']","identity--c78cb6e5-0c4b-4611-8297-d1b8b55e40b5","[{'external_id': 'S0445', 'source_name': 'mitre-attack', 'url': 'https://attack.mitre.org/software/S0445'}, {'source_name': 'FOX-IT May 2016 Mofang', 'url': 'https://foxitsecurity.files.wordpress.com/2016/06/fox-it_mofang_threatreport_tlp-white.pdf', 'description': 'Yonathan Klijnsma. (2016, May 17). Mofang: A politically motivated information stealing adversary. Retrieved May 12, 2020.'}]","ShimRatReporter","[ShimRatReporter](S0445) is a tool used by suspected Chinese adversary [Mofang](https://attack.mitre.org/groups/G0103) to automatically conduct initial discovery. The details from this discovery are used to customize follow-on payloads (such as [ShimRat](S0444)) as well as set up faux infrastructure which mimics the adversary's targets. [ShimRatReporter](S0445) has been used in campaigns targeting multiple countries and sectors including government, military, critical infrastructure, automobile, and weapons development.(Citation: FOX-IT May 2016 Mofang)","1.0","2.1.0","identity--c78cb6e5-0c4b-4611-8297-d1b8b55e40b5","2.1","",""
"tool","tool--11f8d7eb-1927-4806-9267-3a11d4d4d6be","2021-07-30T15:43:17.770Z","2021-10-15T15:49:25.284Z","['Windows', 'Linux', 'macOS']","['enterprise-attack']","['Achute Sharma, Keysight', 'Ayan Saha, Keysight']","['Sliver']","['marking-definition--fa42a846-8d90-4e51-bc29-71d5b4802168']","identity--c78cb6e5-0c4b-4611-8297-d1b8b55e40b5","[{'external_id': 'S0633', 'source_name': 'mitre-attack', 'url': 'https://attack.mitre.org/software/S0633'}, {'source_name': 'Bishop Fox Sliver Framework August 2019', 'url': 'https://labs.bishopfox.com/tech-blog/sliver', 'description': 'Kervella, R. (2019, August 4). Cross-platform General Purpose Implant Framework Written in Golang. Retrieved July 30, 2021.'}]","Sliver","[Sliver](S0633) is an open source, cross-platform, red team command and control framework written in Golang.(Citation: Bishop Fox Sliver Framework August 2019)","1.0","2.1.0","identity--c78cb6e5-0c4b-4611-8297-d1b8b55e40b5","2.1","",""
"tool","tool--1244e058-fa10-48cb-b484-0bcf671107ae","2022-03-23T19:34:30.486Z","2022-04-21T12:01:12.083Z","['Windows']","['enterprise-attack']","['Daniel Acevedo, Blackbot']","['SILENTTRINITY']","['marking-definition--fa42a846-8d90-4e51-bc29-71d5b4802168']","identity--c78cb6e5-0c4b-4611-8297-d1b8b55e40b5","[{'source_name': 'mitre-attack', 'external_id': 'S0692', 'url': 'https://attack.mitre.org/software/S0692'}, {'source_name': 'SILENTTRINITY', 'description': '(Citation: GitHub SILENTTRINITY March 2022)'}, {'source_name': 'Security Affairs SILENTTRINITY July 2019', 'url': 'https://securityaffairs.co/wordpress/88021/apt/croatia-government-silenttrinity-malware.html', 'description': 'Paganini, P. (2019, July 7). Croatia government agencies targeted with news SilentTrinity malware. Retrieved March 23, 2022.'}, {'source_name': 'GitHub SILENTTRINITY March 2022', 'url': 'https://github.com/byt3bl33d3r/SILENTTRINITY', 'description': 'Salvati, M (2019, August 6). SILENTTRINITY. Retrieved March 23, 2022.'}]","SILENTTRINITY","[SILENTTRINITY](S0692) is an open source remote administration and post-exploitation framework primarily written in Python that includes stagers written in Powershell, C, and Boo. [SILENTTRINITY](S0692) was used in a 2019 campaign against Croatian government agencies by unidentified cyber actors.(Citation: GitHub SILENTTRINITY March 2022)(Citation: Security Affairs SILENTTRINITY July 2019)","1.0","2.1.0","identity--c78cb6e5-0c4b-4611-8297-d1b8b55e40b5","2.1","False","False"
"tool","tool--13cd9151-83b7-410d-9f98-25d0f0d1d80d","2018-04-18T17:59:24.739Z","2022-04-25T14:00:00.188Z","['Windows']","['enterprise-attack']","","['PowerSploit']","['marking-definition--fa42a846-8d90-4e51-bc29-71d5b4802168']","identity--c78cb6e5-0c4b-4611-8297-d1b8b55e40b5","[{'source_name': 'mitre-attack', 'url': 'https://attack.mitre.org/software/S0194', 'external_id': 'S0194'}, {'url': 'https://github.com/PowerShellMafia/PowerSploit', 'description': 'PowerShellMafia. (2012, May 26). PowerSploit - A PowerShell Post-Exploitation Framework. Retrieved February 6, 2018.', 'source_name': 'GitHub PowerSploit May 2012'}, {'source_name': 'PowerShellMagazine PowerSploit July 2014', 'description': 'Graeber, M. (2014, July 8). PowerSploit. Retrieved February 6, 2018.', 'url': 'http://www.powershellmagazine.com/2014/07/08/powersploit/'}, {'url': 'http://powersploit.readthedocs.io', 'description': 'PowerSploit. (n.d.). PowerSploit. Retrieved February 6, 2018.', 'source_name': 'PowerSploit Documentation'}]","PowerSploit","[PowerSploit](S0194) is an open source, offensive security framework comprised of [PowerShell](T1059.001) modules and scripts that perform a wide range of tasks related to penetration testing such as code execution, persistence, bypassing anti-virus, recon, and exfiltration. (Citation: GitHub PowerSploit May 2012) (Citation: PowerShellMagazine PowerSploit July 2014) (Citation: PowerSploit Documentation)","1.4","2.1.0","identity--c78cb6e5-0c4b-4611-8297-d1b8b55e40b5","2.1","",""
"tool","tool--242f3da3-4425-4d11-8f5c-b842886da966","2017-05-31T21:32:12.684Z","2022-04-25T14:00:00.188Z","['Windows']","['enterprise-attack']","","['Windows Credential Editor', 'WCE']","['marking-definition--fa42a846-8d90-4e51-bc29-71d5b4802168']","identity--c78cb6e5-0c4b-4611-8297-d1b8b55e40b5","[{'source_name': 'mitre-attack', 'url': 'https://attack.mitre.org/software/S0005', 'external_id': 'S0005'}, {'source_name': 'Amplia WCE', 'description': 'Amplia Security. (n.d.). Windows Credentials Editor (WCE) F.A.Q.. Retrieved December 17, 2015.', 'url': 'http://www.ampliasecurity.com/research/wcefaq.html'}]","Windows Credential Editor","[Windows Credential Editor](S0005) is a password dumping tool. (Citation: Amplia WCE)","1.1","2.1.0","identity--c78cb6e5-0c4b-4611-8297-d1b8b55e40b5","2.1","",""
"tool","tool--26c87906-d750-42c5-946c-d4162c73fc7b","2019-01-31T01:39:56.283Z","2021-10-07T16:02:38.320Z","['Linux', 'macOS', 'Windows']","['enterprise-attack']","['Jacob Wilkin, Trustwave, SpiderLabs']","['Impacket']","['marking-definition--fa42a846-8d90-4e51-bc29-71d5b4802168']","identity--c78cb6e5-0c4b-4611-8297-d1b8b55e40b5","[{'external_id': 'S0357', 'source_name': 'mitre-attack', 'url': 'https://attack.mitre.org/software/S0357'}, {'source_name': 'Impacket Tools', 'url': 'https://www.secureauth.com/labs/open-source-tools/impacket', 'description': 'SecureAuth. (n.d.).  Retrieved January 15, 2019.'}]","Impacket","[Impacket](S0357) is an open source collection of modules written in Python for programmatically constructing and manipulating network protocols. [Impacket](S0357) contains several tools for remote service execution, Kerberos manipulation, Windows credential dumping, packet sniffing, and relay attacks.(Citation: Impacket Tools)","1.2","2.1.0","identity--c78cb6e5-0c4b-4611-8297-d1b8b55e40b5","2.1","",""
"tool","tool--294e2560-bd48-44b2-9da2-833b5588ad11","2017-05-31T21:33:02.863Z","2022-04-25T14:00:00.188Z","","['enterprise-attack']","","","['marking-definition--fa42a846-8d90-4e51-bc29-71d5b4802168']","identity--c78cb6e5-0c4b-4611-8297-d1b8b55e40b5","[{'source_name': 'mitre-attack', 'url': 'https://attack.mitre.org/software/S0100', 'external_id': 'S0100'}, {'source_name': 'TechNet Ipconfig', 'description': 'Microsoft. (n.d.). Ipconfig. Retrieved April 17, 2016.', 'url': 'https://technet.microsoft.com/en-us/library/bb490921.aspx'}]","ipconfig","[ipconfig](S0100) is a Windows utility that can be used to find information about a system's TCP/IP, DNS, DHCP, and adapter configuration. (Citation: TechNet Ipconfig)","1.0","2.1.0","identity--c78cb6e5-0c4b-4611-8297-d1b8b55e40b5","2.1","",""
"tool","tool--2c5281dd-b5fd-4531-8aea-c1bf8a0f8756","2022-02-01T15:08:45.007Z","2022-05-11T14:00:00.188Z","['Windows', 'Azure AD', 'Office 365']","['enterprise-attack']","","['AADInternals']","['marking-definition--fa42a846-8d90-4e51-bc29-71d5b4802168']","identity--c78cb6e5-0c4b-4611-8297-d1b8b55e40b5","[{'source_name': 'mitre-attack', 'external_id': 'S0677', 'url': 'https://attack.mitre.org/software/S0677'}, {'source_name': 'AADInternals', 'description': 'Dr. Nestori Syynimaa. (2018, October 25). AADInternals. Retrieved February 1, 2022.', 'url': 'https://o365blog.com/aadinternals/'}, {'source_name': 'AADInternals Documentation', 'url': 'https://o365blog.com/aadinternals', 'description': 'Dr. Nestori Syynimaa. (2018, October 25). AADInternals. Retrieved February 18, 2022.'}, {'source_name': 'AADInternals Github', 'url': 'https://github.com/Gerenios/AADInternals', 'description': 'Dr. Nestori Syynimaa. (2021, December 13). AADInternals. Retrieved February 1, 2022.'}]","AADInternals","[AADInternals](S0677) is a PowerShell-based framework for administering, enumerating, and exploiting Azure Active Directory. The tool is publicly available on GitHub.(Citation: AADInternals Github)(Citation: AADInternals Documentation)","1.0","2.1.0","identity--c78cb6e5-0c4b-4611-8297-d1b8b55e40b5","2.1","False","False"
"tool","tool--2e45723a-31da-4a7e-aaa6-e01998a6788f","2017-05-31T21:32:39.233Z","2022-04-25T14:00:00.188Z","","['enterprise-attack']","","","['marking-definition--fa42a846-8d90-4e51-bc29-71d5b4802168']","identity--c78cb6e5-0c4b-4611-8297-d1b8b55e40b5","[{'source_name': 'mitre-attack', 'url': 'https://attack.mitre.org/software/S0057', 'external_id': 'S0057'}, {'source_name': 'Microsoft Tasklist', 'description': 'Microsoft. (n.d.). Tasklist. Retrieved December 23, 2015.', 'url': 'https://technet.microsoft.com/en-us/library/bb491010.aspx'}]","Tasklist","The [Tasklist](S0057) utility displays a list of applications and services with their Process IDs (PID) for all tasks running on either a local or a remote computer. It is packaged with Windows operating systems and can be executed from the command-line interface. (Citation: Microsoft Tasklist)","1.0","2.1.0","identity--c78cb6e5-0c4b-4611-8297-d1b8b55e40b5","2.1","",""
"tool","tool--2fab555f-7664-4623-b4e0-1675ae38190b","2017-05-31T21:33:10.962Z","2022-04-25T14:00:00.188Z","['Windows']","['enterprise-attack']","","['Lslsass']","['marking-definition--fa42a846-8d90-4e51-bc29-71d5b4802168']","identity--c78cb6e5-0c4b-4611-8297-d1b8b55e40b5","[{'source_name': 'mitre-attack', 'url': 'https://attack.mitre.org/software/S0121', 'external_id': 'S0121'}, {'source_name': 'Mandiant APT1', 'description': 'Mandiant. (n.d.). APT1 Exposing One of China’s Cyber Espionage Units. Retrieved July 18, 2016.', 'url': 'https://www.fireeye.com/content/dam/fireeye-www/services/pdfs/mandiant-apt1-report.pdf'}]","Lslsass","[Lslsass](S0121) is a publicly-available tool that can dump active logon session password hashes from the lsass process. (Citation: Mandiant APT1)","1.1","2.1.0","identity--c78cb6e5-0c4b-4611-8297-d1b8b55e40b5","2.1","",""
"tool","tool--30489451-5886-4c46-90c9-0dff9adc5252","2017-05-31T21:33:02.428Z","2022-05-11T14:00:00.188Z","['Linux', 'Windows', 'macOS']","['enterprise-attack']","","['Arp', 'arp.exe']","['marking-definition--fa42a846-8d90-4e51-bc29-71d5b4802168']","identity--c78cb6e5-0c4b-4611-8297-d1b8b55e40b5","[{'source_name': 'mitre-attack', 'url': 'https://attack.mitre.org/software/S0099', 'external_id': 'S0099'}, {'source_name': 'TechNet Arp', 'description': 'Microsoft. (n.d.). Arp. Retrieved April 17, 2016.', 'url': 'https://technet.microsoft.com/en-us/library/bb490864.aspx'}]","Arp","[Arp](S0099) displays and modifies information about a system's Address Resolution Protocol (ARP) cache. (Citation: TechNet Arp)","1.1","2.1.0","identity--c78cb6e5-0c4b-4611-8297-d1b8b55e40b5","2.1","",""
"tool","tool--33b9e38f-103c-412d-bdcf-904a91fff1e4","2018-04-18T17:59:24.739Z","2022-04-25T14:00:00.188Z","['Windows']","['enterprise-attack']","","['spwebmember']","['marking-definition--fa42a846-8d90-4e51-bc29-71d5b4802168']","identity--c78cb6e5-0c4b-4611-8297-d1b8b55e40b5","[{'source_name': 'mitre-attack', 'url': 'https://attack.mitre.org/software/S0227', 'external_id': 'S0227'}, {'source_name': 'spwebmember', 'description': '(Citation: NCC Group APT15 Alive and Strong)'}, {'source_name': 'NCC Group APT15 Alive and Strong', 'description': 'Smallridge, R. (2018, March 10). APT15 is alive and strong: An analysis of RoyalCli and RoyalDNS. Retrieved April 4, 2018.', 'url': 'https://research.nccgroup.com/2018/03/10/apt15-is-alive-and-strong-an-analysis-of-royalcli-and-royaldns/'}]","spwebmember","[spwebmember](S0227) is a Microsoft SharePoint enumeration and data dumping tool written in .NET. (Citation: NCC Group APT15 Alive and Strong)","1.1","2.1.0","identity--c78cb6e5-0c4b-4611-8297-d1b8b55e40b5","2.1","",""
"tool","tool--3433a9e8-1c47-4320-b9bf-ed449061d1c3","2019-03-11T14:13:40.648Z","2022-05-11T14:00:00.188Z","['Linux', 'macOS', 'Windows']","['enterprise-attack']","","['Empire', 'EmPyre', 'PowerShell Empire']","['marking-definition--fa42a846-8d90-4e51-bc29-71d5b4802168']","identity--c78cb6e5-0c4b-4611-8297-d1b8b55e40b5","[{'source_name': 'mitre-attack', 'external_id': 'S0363', 'url': 'https://attack.mitre.org/software/S0363'}, {'source_name': 'EmPyre', 'description': '(Citation: Github PowerShell Empire)'}, {'source_name': 'PowerShell Empire', 'description': '(Citation: Github PowerShell Empire)'}, {'source_name': 'Github PowerShell Empire', 'url': 'https://github.com/PowerShellEmpire/Empire', 'description': 'Schroeder, W., Warner, J., Nelson, M. (n.d.). Github PowerShellEmpire. Retrieved April 28, 2016.'}, {'source_name': 'GitHub ATTACK Empire', 'url': 'https://github.com/dstepanic/attck_empire', 'description': 'Stepanic, D. (2018, September 2). attck_empire: Generate ATT&CK Navigator layer file from PowerShell Empire agent logs. Retrieved March 11, 2019.'}, {'source_name': 'NCSC Joint Report Public Tools', 'url': 'https://www.ncsc.gov.uk/report/joint-report-on-publicly-available-hacking-tools', 'description': 'The Australian Cyber Security Centre (ACSC), the Canadian Centre for Cyber Security (CCCS), the New Zealand National Cyber Security Centre (NZ NCSC), CERT New Zealand, the UK National Cyber Security Centre (UK NCSC) and the US National Cybersecurity and Communications Integration Center (NCCIC). (2018, October 11). Joint report on publicly available hacking tools. Retrieved March 11, 2019.'}]","Empire","[Empire](S0363) is an open source, cross-platform remote administration and post-exploitation framework that is publicly available on GitHub. While the tool itself is primarily written in Python, the post-exploitation agents are written in pure [PowerShell](T1059.001) for Windows and Python for Linux/macOS. [Empire](S0363) was one of five tools singled out by a joint report on public hacking tools being widely used by adversaries.(Citation: NCSC Joint Report Public Tools)(Citation: Github PowerShell Empire)(Citation: GitHub ATTACK Empire)","1.4","2.1.0","identity--c78cb6e5-0c4b-4611-8297-d1b8b55e40b5","2.1","False","False"
"tool","tool--362dc67f-4e85-4562-9dac-1b6b7f3ec4b5","2017-05-31T21:33:03.377Z","2022-04-25T14:00:00.188Z","","['enterprise-attack']","","","['marking-definition--fa42a846-8d90-4e51-bc29-71d5b4802168']","identity--c78cb6e5-0c4b-4611-8297-d1b8b55e40b5","[{'source_name': 'mitre-attack', 'url': 'https://attack.mitre.org/software/S0101', 'external_id': 'S0101'}, {'source_name': 'Wikipedia Ifconfig', 'description': 'Wikipedia. (2016, January 26). ifconfig. Retrieved April 17, 2016.', 'url': 'https://en.wikipedia.org/wiki/Ifconfig'}]","ifconfig","[ifconfig](S0101) is a Unix-based utility used to gather information about and interact with the TCP/IP settings on a system. (Citation: Wikipedia Ifconfig)","1.0","2.1.0","identity--c78cb6e5-0c4b-4611-8297-d1b8b55e40b5","2.1","",""
"tool","tool--38952eac-cb1b-4a71-bad2-ee8223a1c8fe","2017-05-31T21:33:04.937Z","2022-04-25T14:00:00.188Z","['Windows']","['enterprise-attack']","","['dsquery', 'dsquery.exe']","['marking-definition--fa42a846-8d90-4e51-bc29-71d5b4802168']","identity--c78cb6e5-0c4b-4611-8297-d1b8b55e40b5","[{'source_name': 'mitre-attack', 'url': 'https://attack.mitre.org/software/S0105', 'external_id': 'S0105'}, {'source_name': 'TechNet Dsquery', 'description': 'Microsoft. (n.d.). Dsquery. Retrieved April 18, 2016.', 'url': 'https://technet.microsoft.com/en-us/library/cc732952.aspx'}]","dsquery","[dsquery](S0105) is a command-line utility that can be used to query Active Directory for information from a system within a domain. (Citation: TechNet Dsquery) It is typically installed only on Windows Server versions but can be installed on non-server variants through the Microsoft-provided Remote Server Administration Tools bundle.","1.2","2.1.0","identity--c78cb6e5-0c4b-4611-8297-d1b8b55e40b5","2.1","",""
"tool","tool--3ffbdc1f-d2bf-41ab-91a2-c7b857e98079","2019-03-25T12:30:40.919Z","2022-04-25T14:00:00.188Z","['Windows']","['enterprise-attack']","","['RawDisk']","['marking-definition--fa42a846-8d90-4e51-bc29-71d5b4802168']","identity--c78cb6e5-0c4b-4611-8297-d1b8b55e40b5","[{'external_id': 'S0364', 'source_name': 'mitre-attack', 'url': 'https://attack.mitre.org/software/S0364'}, {'source_name': 'EldoS RawDisk ITpro', 'url': 'https://www.itprotoday.com/windows-78/eldos-provides-raw-disk-access-vista-and-xp', 'description': 'Edwards, M. (2007, March 14). EldoS Provides Raw Disk Access for Vista and XP. Retrieved March 26, 2019.'}, {'source_name': 'Novetta Blockbuster Destructive Malware', 'description': 'Novetta Threat Research Group. (2016, February 24). Operation Blockbuster: Destructive Malware Report. Retrieved March 2, 2016.', 'url': 'https://operationblockbuster.com/wp-content/uploads/2016/02/Operation-Blockbuster-Destructive-Malware-Report.pdf'}]","RawDisk","[RawDisk](S0364) is a legitimate commercial driver from the EldoS Corporation that is used for interacting with files, disks, and partitions. The driver allows for direct modification of data on a local computer's hard drive. In some cases, the tool can enact these raw disk modifications from user-mode processes, circumventing Windows operating system security features.(Citation: EldoS RawDisk ITpro)(Citation: Novetta Blockbuster Destructive Malware)","1.0","2.1.0","identity--c78cb6e5-0c4b-4611-8297-d1b8b55e40b5","2.1","",""
"tool","tool--4664b683-f578-434f-919b-1c1aad2a1111","2017-05-31T21:33:04.545Z","2022-04-25T14:00:00.188Z","","['enterprise-attack']","","","['marking-definition--fa42a846-8d90-4e51-bc29-71d5b4802168']","identity--c78cb6e5-0c4b-4611-8297-d1b8b55e40b5","[{'source_name': 'mitre-attack', 'url': 'https://attack.mitre.org/software/S0104', 'external_id': 'S0104'}, {'source_name': 'TechNet Netstat', 'description': 'Microsoft. (n.d.). Netstat. Retrieved April 17, 2016.', 'url': 'https://technet.microsoft.com/en-us/library/bb490947.aspx'}]","netstat","[netstat](S0104) is an operating system utility that displays active TCP connections, listening ports, and network statistics. (Citation: TechNet Netstat)","1.0","2.1.0","identity--c78cb6e5-0c4b-4611-8297-d1b8b55e40b5","2.1","",""
"tool","tool--4b57c098-f043-4da2-83ef-7588a6d426bc","2019-04-23T12:31:58.125Z","2022-04-25T14:00:00.188Z","['Windows', 'Linux', 'macOS']","['enterprise-attack']","","['PoshC2']","['marking-definition--fa42a846-8d90-4e51-bc29-71d5b4802168']","identity--c78cb6e5-0c4b-4611-8297-d1b8b55e40b5","[{'url': 'https://attack.mitre.org/software/S0378', 'source_name': 'mitre-attack', 'external_id': 'S0378'}, {'source_name': 'GitHub PoshC2', 'url': 'https://github.com/nettitude/PoshC2_Python', 'description': 'Nettitude. (2018, July 23). Python Server for PoshC2. Retrieved April 23, 2019.'}]","PoshC2","[PoshC2](S0378) is an open source remote administration and post-exploitation framework that is publicly available on GitHub. The server-side components of the tool are primarily written in Python, while the implants are written in [PowerShell](T1059.001). Although [PoshC2](S0378) is primarily focused on Windows implantation, it does contain a basic Python dropper for Linux/macOS.(Citation: GitHub PoshC2)","1.2","2.1.0","identity--c78cb6e5-0c4b-4611-8297-d1b8b55e40b5","2.1","",""
"tool","tool--4f45dfeb-fe51-4df0-8db3-edf7dd0513fe","2017-05-31T21:33:10.569Z","2022-04-25T14:00:00.188Z","['Windows']","['enterprise-attack']","","['Fgdump']","['marking-definition--fa42a846-8d90-4e51-bc29-71d5b4802168']","identity--c78cb6e5-0c4b-4611-8297-d1b8b55e40b5","[{'source_name': 'mitre-attack', 'url': 'https://attack.mitre.org/software/S0120', 'external_id': 'S0120'}, {'source_name': 'Mandiant APT1', 'description': 'Mandiant. (n.d.). APT1 Exposing One of China’s Cyber Espionage Units. Retrieved July 18, 2016.', 'url': 'https://www.fireeye.com/content/dam/fireeye-www/services/pdfs/mandiant-apt1-report.pdf'}]","Fgdump","[Fgdump](S0120) is a Windows password hash dumper. (Citation: Mandiant APT1)","1.1","2.1.0","identity--c78cb6e5-0c4b-4611-8297-d1b8b55e40b5","2.1","",""
"tool","tool--4fa49fc0-9162-4bdb-a37e-7aa3dcb6d38b","2017-05-31T21:33:11.941Z","2022-04-25T14:00:00.188Z","","['enterprise-attack']","","","['marking-definition--fa42a846-8d90-4e51-bc29-71d5b4802168']","identity--c78cb6e5-0c4b-4611-8297-d1b8b55e40b5","[{'source_name': 'mitre-attack', 'url': 'https://attack.mitre.org/software/S0123', 'external_id': 'S0123'}, {'source_name': 'xCmd', 'description': 'Rayaprolu, A.. (2011, April 12). xCmd an Alternative to PsExec. Retrieved August 10, 2016.', 'url': 'https://ashwinrayaprolu.wordpress.com/2011/04/12/xcmd-an-alternative-to-psexec/'}]","xCmd","[xCmd](S0123) is an open source tool that is similar to [PsExec](S0029) and allows the user to execute applications on remote systems. (Citation: xCmd)","1.0","2.1.0","identity--c78cb6e5-0c4b-4611-8297-d1b8b55e40b5","2.1","",""
"tool","tool--5256c0f8-9108-4c92-8b09-482dfacdcd94","2020-11-09T14:30:35.202Z","2022-04-25T14:00:00.188Z","['Windows']","['enterprise-attack']","","['CSPY Downloader']","['marking-definition--fa42a846-8d90-4e51-bc29-71d5b4802168']","identity--c78cb6e5-0c4b-4611-8297-d1b8b55e40b5","[{'external_id': 'S0527', 'source_name': 'mitre-attack', 'url': 'https://attack.mitre.org/software/S0527'}, {'source_name': 'Cybereason Kimsuky November 2020', 'url': 'https://www.cybereason.com/blog/back-to-the-future-inside-the-kimsuky-kgh-spyware-suite', 'description': 'Dahan, A. et al. (2020, November 2). Back to the Future: Inside the Kimsuky KGH Spyware Suite. Retrieved November 6, 2020.'}]","CSPY Downloader","[CSPY Downloader](S0527) is a tool designed to evade analysis and download additional payloads used by [Kimsuky](https://attack.mitre.org/groups/G0094).(Citation: Cybereason Kimsuky November 2020)","1.0","2.1.0","identity--c78cb6e5-0c4b-4611-8297-d1b8b55e40b5","2.1","",""
"tool","tool--5a33468d-844d-4b1f-98c9-0e786c556b27","2018-01-16T16:13:52.465Z","2021-10-15T16:57:34.776Z","['Linux']","['enterprise-attack']","['Vincent Le Toux']","['MimiPenguin']","['marking-definition--fa42a846-8d90-4e51-bc29-71d5b4802168']","identity--c78cb6e5-0c4b-4611-8297-d1b8b55e40b5","[{'source_name': 'mitre-attack', 'url': 'https://attack.mitre.org/software/S0179', 'external_id': 'S0179'}, {'source_name': 'MimiPenguin GitHub May 2017', 'description': 'Gregal, H. (2017, May 12). MimiPenguin. Retrieved December 5, 2017.', 'url': 'https://github.com/huntergregal/mimipenguin'}]","MimiPenguin","[MimiPenguin](S0179) is a credential dumper, similar to [Mimikatz](S0002), designed specifically for Linux platforms. (Citation: MimiPenguin GitHub May 2017)","1.2","2.1.0","identity--c78cb6e5-0c4b-4611-8297-d1b8b55e40b5","2.1","",""
"tool","tool--5a63f900-5e7e-4928-a746-dd4558e1df71","2017-05-31T21:33:06.083Z","2022-04-25T14:00:00.188Z","['Windows']","['enterprise-attack']","","['netsh', 'netsh.exe']","['marking-definition--fa42a846-8d90-4e51-bc29-71d5b4802168']","identity--c78cb6e5-0c4b-4611-8297-d1b8b55e40b5","[{'source_name': 'mitre-attack', 'url': 'https://attack.mitre.org/software/S0108', 'external_id': 'S0108'}, {'source_name': 'TechNet Netsh', 'description': 'Microsoft. (n.d.). Using Netsh. Retrieved February 13, 2017.', 'url': 'https://technet.microsoft.com/library/bb490939.aspx'}]","netsh","[netsh](S0108) is a scripting utility used to interact with networking components on local or remote systems. (Citation: TechNet Netsh)","1.1","2.1.0","identity--c78cb6e5-0c4b-4611-8297-d1b8b55e40b5","2.1","",""
"tool","tool--5fc81b43-62b5-41b1-9113-c79ae5f030c4","2020-06-02T19:10:29.513Z","2022-04-25T14:00:00.188Z","['Windows']","['enterprise-attack']","","['CARROTBALL']","['marking-definition--fa42a846-8d90-4e51-bc29-71d5b4802168']","identity--c78cb6e5-0c4b-4611-8297-d1b8b55e40b5","[{'external_id': 'S0465', 'source_name': 'mitre-attack', 'url': 'https://attack.mitre.org/software/S0465'}, {'source_name': 'Unit 42 CARROTBAT January 2020', 'url': 'https://unit42.paloaltonetworks.com/the-fractured-statue-campaign-u-s-government-targeted-in-spear-phishing-attacks/', 'description': 'McCabe, A. (2020, January 23). The Fractured Statue Campaign: U.S. Government Agency Targeted in Spear-Phishing Attacks. Retrieved June 2, 2020.'}]","CARROTBALL","[CARROTBALL](S0465) is an FTP downloader utility that has been in use since at least 2019. [CARROTBALL](S0465) has been used as a downloader to install [SYSCON](S0464).(Citation: Unit 42 CARROTBAT January 2020)","1.0","2.1.0","identity--c78cb6e5-0c4b-4611-8297-d1b8b55e40b5","2.1","",""
"tool","tool--64764dc6-a032-495f-8250-1e4c06bdc163","2018-04-18T17:59:24.739Z","2020-03-20T18:09:11.516Z","['Windows']","['enterprise-attack']","['Edward Millington']","['BITSAdmin']","['marking-definition--fa42a846-8d90-4e51-bc29-71d5b4802168']","identity--c78cb6e5-0c4b-4611-8297-d1b8b55e40b5","[{'source_name': 'mitre-attack', 'url': 'https://attack.mitre.org/software/S0190', 'external_id': 'S0190'}, {'source_name': 'Microsoft BITSAdmin', 'description': 'Microsoft. (n.d.). BITSAdmin Tool. Retrieved January 12, 2018.', 'url': 'https://msdn.microsoft.com/library/aa362813.aspx'}]","BITSAdmin","[BITSAdmin](S0190) is a command line tool used to create and manage [BITS Jobs](T1197). (Citation: Microsoft BITSAdmin)","1.2","2.1.0","identity--c78cb6e5-0c4b-4611-8297-d1b8b55e40b5","2.1","",""
"tool","tool--65370d0b-3bd4-4653-8cf9-daf56f6be830","2018-01-16T16:13:52.465Z","2022-04-25T14:00:00.188Z","['Linux', 'Windows', 'macOS']","['enterprise-attack']","","['meek']","['marking-definition--fa42a846-8d90-4e51-bc29-71d5b4802168']","identity--c78cb6e5-0c4b-4611-8297-d1b8b55e40b5","[{'source_name': 'mitre-attack', 'url': 'https://attack.mitre.org/software/S0175', 'external_id': 'S0175'}]","meek","[meek](S0175) is an open-source Tor plugin that tunnels Tor traffic through HTTPS connections.","1.0","2.1.0","identity--c78cb6e5-0c4b-4611-8297-d1b8b55e40b5","2.1","",""
"tool","tool--6dbdc657-d8e0-4f2f-909b-7251b3e72c6d","2022-02-18T13:29:23.577Z","2022-05-11T14:00:00.188Z","","['enterprise-attack']","","['ROADTools']","['marking-definition--fa42a846-8d90-4e51-bc29-71d5b4802168']","identity--c78cb6e5-0c4b-4611-8297-d1b8b55e40b5","[{'external_id': 'S0684', 'source_name': 'mitre-attack', 'url': 'https://attack.mitre.org/software/S0684'}, {'source_name': 'ROADtools Github', 'url': 'https://github.com/dirkjanm/ROADtools', 'description': 'Dirk-jan Mollema. (2022, January 31). ROADtools. Retrieved January 31, 2022.'}]","ROADTools","[ROADTools](S0684) is a framework for enumerating Azure Active Directory environments. The tool is written in Python and publicly available on GitHub.(Citation: ROADtools Github)","1.0","2.1.0","identity--c78cb6e5-0c4b-4611-8297-d1b8b55e40b5","2.1","",""
"tool","tool--79dd477a-8226-4b3d-ad15-28623675f221","2022-02-08T16:11:38.528Z","2022-05-11T14:00:00.188Z","['Containers']","['enterprise-attack']","","['Peirates']","['marking-definition--fa42a846-8d90-4e51-bc29-71d5b4802168']","identity--c78cb6e5-0c4b-4611-8297-d1b8b55e40b5","[{'source_name': 'mitre-attack', 'external_id': 'S0683', 'url': 'https://attack.mitre.org/software/S0683'}, {'source_name': 'Peirates GitHub', 'url': 'https://github.com/inguardians/peirates', 'description': 'InGuardians. (2022, January 5). Peirates GitHub. Retrieved February 8, 2022.'}]","Peirates","[Peirates](S0683) is a post-exploitation Kubernetes exploitation framework with a focus on gathering service account tokens for lateral movement and privilege escalation. The tool is written in GoLang and publicly available on GitHub.(Citation: Peirates GitHub)","1.0","2.1.0","identity--c78cb6e5-0c4b-4611-8297-d1b8b55e40b5","2.1","False","False"
"tool","tool--7cd0bc75-055b-4098-a00e-83dc8beaff14","2019-01-29T18:55:20.245Z","2022-05-11T14:00:00.188Z","['Windows']","['enterprise-attack']","","['Remcos']","['marking-definition--fa42a846-8d90-4e51-bc29-71d5b4802168']","identity--c78cb6e5-0c4b-4611-8297-d1b8b55e40b5","[{'source_name': 'mitre-attack', 'external_id': 'S0332', 'url': 'https://attack.mitre.org/software/S0332'}, {'source_name': 'Remcos', 'description': '(Citation: Riskiq Remcos Jan 2018)(Citation: Fortinet Remcos Feb 2017)(Citation: Talos Remcos Aug 2018)'}, {'source_name': 'Fortinet Remcos Feb 2017', 'url': 'https://www.fortinet.com/blog/threat-research/remcos-a-new-rat-in-the-wild-2.html', 'description': 'Bacurio, F., Salvio, J. (2017, February 14). REMCOS: A New RAT In The Wild. Retrieved November 6, 2018.'}, {'source_name': 'Talos Remcos Aug 2018', 'url': 'https://blog.talosintelligence.com/2018/08/picking-apart-remcos.html', 'description': 'Brumaghin, E., Unterbrink, H. (2018, August 22). Picking Apart Remcos Botnet-In-A-Box. Retrieved November 6, 2018.'}, {'source_name': 'Riskiq Remcos Jan 2018', 'url': 'https://www.riskiq.com/blog/labs/spear-phishing-turkish-defense-contractors/', 'description': 'Klijnsma, Y. (2018, January 23). Espionage Campaign Leverages Spear Phishing, RATs Against Turkish Defense Contractors. Retrieved November 6, 2018.'}]","Remcos","[Remcos](S0332) is a closed-source tool that is marketed as a remote control and surveillance software by a company called Breaking Security. [Remcos](S0332) has been observed being used in malware campaigns.(Citation: Riskiq Remcos Jan 2018)(Citation: Talos Remcos Aug 2018)","1.2","2.1.0","identity--c78cb6e5-0c4b-4611-8297-d1b8b55e40b5","2.1","False","False"
"tool","tool--7fcbc4e8-1989-441f-9ac5-e7b6ff5806f1","2017-05-31T21:33:00.969Z","2022-04-25T14:00:00.188Z","","['enterprise-attack']","","","['marking-definition--fa42a846-8d90-4e51-bc29-71d5b4802168']","identity--c78cb6e5-0c4b-4611-8297-d1b8b55e40b5","[{'source_name': 'mitre-attack', 'url': 'https://attack.mitre.org/software/S0096', 'external_id': 'S0096'}, {'source_name': 'TechNet Systeminfo', 'description': 'Microsoft. (n.d.). Systeminfo. Retrieved April 8, 2016.', 'url': 'https://technet.microsoft.com/en-us/library/bb491007.aspx'}]","Systeminfo","[Systeminfo](S0096) is a Windows utility that can be used to gather detailed information about a computer. (Citation: TechNet Systeminfo)","1.0","2.1.0","identity--c78cb6e5-0c4b-4611-8297-d1b8b55e40b5","2.1","",""
"tool","tool--80c815bb-b24a-4b9c-9d73-ff4c075a278d","2021-03-19T13:11:50.666Z","2022-04-25T14:00:00.188Z","['Windows']","['enterprise-attack']","","['Out1']","['marking-definition--fa42a846-8d90-4e51-bc29-71d5b4802168']","identity--c78cb6e5-0c4b-4611-8297-d1b8b55e40b5","[{'external_id': 'S0594', 'source_name': 'mitre-attack', 'url': 'https://attack.mitre.org/software/S0594'}, {'source_name': 'Trend Micro Muddy Water March 2021', 'url': 'https://www.trendmicro.com/en_us/research/21/c/earth-vetala---muddywater-continues-to-target-organizations-in-t.html', 'description': 'Peretz, A. and Theck, E. (2021, March 5). Earth Vetala – MuddyWater Continues to Target Organizations in the Middle East. Retrieved March 18, 2021.'}]","Out1","[Out1](S0594) is a remote access tool written in python and used by [MuddyWater](https://attack.mitre.org/groups/G0069) since at least 2021.(Citation: Trend Micro Muddy Water March 2021)","1.0","2.1.0","identity--c78cb6e5-0c4b-4611-8297-d1b8b55e40b5","2.1","",""
"tool","tool--842976c7-f9c8-41b2-8371-41dc64fbe261","2021-03-18T13:39:27.676Z","2022-04-25T14:00:00.188Z","['Windows']","['enterprise-attack']","","['ConnectWise', 'ScreenConnect']","['marking-definition--fa42a846-8d90-4e51-bc29-71d5b4802168']","identity--c78cb6e5-0c4b-4611-8297-d1b8b55e40b5","[{'external_id': 'S0591', 'source_name': 'mitre-attack', 'url': 'https://attack.mitre.org/software/S0591'}, {'source_name': 'ScreenConnect', 'description': '(Citation: Anomali Static Kitten February 2021)'}, {'source_name': 'Anomali Static Kitten February 2021', 'url': 'https://www.anomali.com/blog/probable-iranian-cyber-actors-static-kitten-conducting-cyberespionage-campaign-targeting-uae-and-kuwait-government-agencies', 'description': 'Mele, G. et al. (2021, February 10). Probable Iranian Cyber Actors, Static Kitten, Conducting Cyberespionage Campaign Targeting UAE and Kuwait Government Agencies. Retrieved March 17, 2021.'}, {'source_name': 'Trend Micro Muddy Water March 2021', 'url': 'https://www.trendmicro.com/en_us/research/21/c/earth-vetala---muddywater-continues-to-target-organizations-in-t.html', 'description': 'Peretz, A. and Theck, E. (2021, March 5). Earth Vetala – MuddyWater Continues to Target Organizations in the Middle East. Retrieved March 18, 2021.'}]","ConnectWise","[ConnectWise](S0591) is a legitimate remote administration tool that has been used since at least 2016 by threat actors including [MuddyWater](https://attack.mitre.org/groups/G0069) and [GOLD SOUTHFIELD](https://attack.mitre.org/groups/G0115) to connect to and conduct lateral movement in target environments.(Citation: Anomali Static Kitten February 2021)(Citation: Trend Micro Muddy Water March 2021)","1.0","2.1.0","identity--c78cb6e5-0c4b-4611-8297-d1b8b55e40b5","2.1","",""
"tool","tool--8f8cd191-902c-4e83-bf20-b57c8c4640e9","2020-05-05T18:45:36.358Z","2020-07-10T13:39:26.417Z","['Windows']","['enterprise-attack']","['Jose Luis Sánchez Martinez']","['Imminent Monitor']","['marking-definition--fa42a846-8d90-4e51-bc29-71d5b4802168']","identity--c78cb6e5-0c4b-4611-8297-d1b8b55e40b5","[{'external_id': 'S0434', 'source_name': 'mitre-attack', 'url': 'https://attack.mitre.org/software/S0434'}, {'source_name': 'Imminent Unit42 Dec2019', 'url': 'https://unit42.paloaltonetworks.com/imminent-monitor-a-rat-down-under/', 'description': 'Unit 42. (2019, December 2). Imminent Monitor – a RAT Down Under. Retrieved May 5, 2020.'}]","Imminent Monitor","[Imminent Monitor](S0434) was a commodity remote access tool (RAT) offered for sale from 2012 until 2019, when an operation was conducted to take down the Imminent Monitor infrastructure. Various cracked versions and variations of this RAT are still in circulation.(Citation: Imminent Unit42 Dec2019)","1.0","2.1.0","identity--c78cb6e5-0c4b-4611-8297-d1b8b55e40b5","2.1","",""
"tool","tool--90ac9266-68ce-46f2-b24f-5eb3b2a8ea38","2019-02-04T18:27:00.501Z","2022-04-25T14:00:00.188Z","['Windows', 'Office 365']","['enterprise-attack']","","['Ruler']","['marking-definition--fa42a846-8d90-4e51-bc29-71d5b4802168']","identity--c78cb6e5-0c4b-4611-8297-d1b8b55e40b5","[{'external_id': 'S0358', 'source_name': 'mitre-attack', 'url': 'https://attack.mitre.org/software/S0358'}, {'source_name': 'SensePost Ruler GitHub', 'url': 'https://github.com/sensepost/ruler', 'description': 'SensePost. (2016, August 18). Ruler: A tool to abuse Exchange services. Retrieved February 4, 2019.'}, {'source_name': 'SensePost NotRuler', 'url': 'https://github.com/sensepost/notruler', 'description': 'SensePost. (2017, September 21). NotRuler - The opposite of Ruler, provides blue teams with the ability to detect Ruler usage against Exchange. Retrieved February 4, 2019.'}]","Ruler","[Ruler](S0358) is a tool to abuse Microsoft Exchange services. It is publicly available on GitHub and the tool is executed via the command line. The creators of [Ruler](S0358) have also released a defensive tool, NotRuler, to detect its usage.(Citation: SensePost Ruler GitHub)(Citation: SensePost NotRuler)","1.1","2.1.0","identity--c78cb6e5-0c4b-4611-8297-d1b8b55e40b5","2.1","",""
"tool","tool--90ec2b22-7061-4469-b539-0989ec4f96c2","2018-04-18T17:59:24.739Z","2022-04-25T14:00:00.188Z","","['enterprise-attack']","","","['marking-definition--fa42a846-8d90-4e51-bc29-71d5b4802168']","identity--c78cb6e5-0c4b-4611-8297-d1b8b55e40b5","[{'source_name': 'mitre-attack', 'url': 'https://attack.mitre.org/software/S0193', 'external_id': 'S0193'}, {'source_name': 'Microsoft Forfiles Aug 2016', 'description': 'Microsoft. (2016, August 31). Forfiles. Retrieved January 22, 2018.', 'url': 'https://docs.microsoft.com/previous-versions/windows/it-pro/windows-server-2012-R2-and-2012/cc753551(v=ws.11)'}]","Forfiles","[Forfiles](S0193) is a Windows utility commonly used in batch jobs to execute commands on one or more selected files or directories (ex: list all directories in a drive, read the first line of all files created yesterday, etc.). Forfiles can be executed from either the command line, Run window, or batch files/scripts. (Citation: Microsoft Forfiles Aug 2016)","1.0","2.1.0","identity--c78cb6e5-0c4b-4611-8297-d1b8b55e40b5","2.1","",""
"tool","tool--96fd6cc4-a693-4118-83ec-619e5352d07d","2018-04-18T17:59:24.739Z","2022-04-25T14:00:00.188Z","","['enterprise-attack']","","","['marking-definition--fa42a846-8d90-4e51-bc29-71d5b4802168']","identity--c78cb6e5-0c4b-4611-8297-d1b8b55e40b5","[{'source_name': 'mitre-attack', 'url': 'https://attack.mitre.org/software/S0191', 'external_id': 'S0191'}, {'source_name': 'Winexe', 'description': '(Citation: Winexe Github Sept 2013) (Citation: Überwachung APT28 Forfiles June 2015)'}, {'source_name': 'Winexe Github Sept 2013', 'description': 'Skalkotos, N. (2013, September 20). WinExe. Retrieved January 22, 2018.', 'url': 'https://github.com/skalkoto/winexe/'}, {'source_name': 'Überwachung APT28 Forfiles June 2015', 'description': 'Guarnieri, C. (2015, June 19). Digital Attack on German Parliament: Investigative Report on the Hack of the Left Party Infrastructure in Bundestag. Retrieved January 22, 2018.', 'url': 'https://netzpolitik.org/2015/digital-attack-on-german-parliament-investigative-report-on-the-hack-of-the-left-party-infrastructure-in-bundestag/'}]","Winexe","[Winexe](S0191) is a lightweight, open source tool similar to [PsExec](S0029) designed to allow system administrators to execute commands on remote servers. (Citation: Winexe Github Sept 2013) [Winexe](S0191) is unique in that it is a GNU/Linux based client. (Citation: Überwachung APT28 Forfiles June 2015)","1.0","2.1.0","identity--c78cb6e5-0c4b-4611-8297-d1b8b55e40b5","2.1","",""
"tool","tool--975737f1-b10d-476f-8bda-3ec26ea57172","2020-08-13T17:15:25.702Z","2022-04-25T14:00:00.188Z","['Windows']","['enterprise-attack']","","['MCMD']","['marking-definition--fa42a846-8d90-4e51-bc29-71d5b4802168']","identity--c78cb6e5-0c4b-4611-8297-d1b8b55e40b5","[{'external_id': 'S0500', 'source_name': 'mitre-attack', 'url': 'https://attack.mitre.org/software/S0500'}, {'source_name': 'Secureworks MCMD July 2019', 'url': 'https://www.secureworks.com/research/mcmd-malware-analysis', 'description': 'Secureworks. (2019, July 24). MCMD Malware Analysis. Retrieved August 13, 2020.'}]","MCMD","[MCMD](S0500) is a remote access tool that provides remote command shell capability used by [Dragonfly 2.0](https://attack.mitre.org/groups/G0074).(Citation: Secureworks MCMD July 2019)","1.0","2.1.0","identity--c78cb6e5-0c4b-4611-8297-d1b8b55e40b5","2.1","",""
"tool","tool--981acc4c-2ede-4b56-be6e-fa1a75f37acf","2019-02-14T17:08:55.176Z","2022-04-25T14:00:00.188Z","['Windows']","['enterprise-attack']","","['Nltest']","['marking-definition--fa42a846-8d90-4e51-bc29-71d5b4802168']","identity--c78cb6e5-0c4b-4611-8297-d1b8b55e40b5","[{'external_id': 'S0359', 'source_name': 'mitre-attack', 'url': 'https://attack.mitre.org/software/S0359'}, {'source_name': 'Nltest Manual', 'url': 'https://ss64.com/nt/nltest.html', 'description': 'ss64. (n.d.). NLTEST.exe - Network Location Test. Retrieved February 14, 2019.'}]","Nltest","[Nltest](S0359) is a Windows command-line utility used to list domain controllers and enumerate domain trusts.(Citation: Nltest Manual)","1.1","2.1.0","identity--c78cb6e5-0c4b-4611-8297-d1b8b55e40b5","2.1","",""
"tool","tool--999c4e6e-b8dc-4b4f-8d6e-1b829f29997e","2019-10-05T02:34:01.189Z","2022-04-25T14:00:00.188Z","['Office 365', 'Windows', 'Azure AD']","['enterprise-attack']","","['MailSniper']","['marking-definition--fa42a846-8d90-4e51-bc29-71d5b4802168']","identity--c78cb6e5-0c4b-4611-8297-d1b8b55e40b5","[{'external_id': 'S0413', 'source_name': 'mitre-attack', 'url': 'https://attack.mitre.org/software/S0413'}, {'source_name': 'GitHub MailSniper', 'url': 'https://github.com/dafthack/MailSniper', 'description': 'Bullock, B., . (2018, November 20). MailSniper. Retrieved October 4, 2019.'}]","MailSniper","MailSniper is a penetration testing tool for searching through email in a Microsoft Exchange environment for specific terms (passwords, insider intel, network architecture information, etc.). It can be used by a non-administrative user to search their own email, or by an Exchange administrator to search the mailboxes of every user in a domain.(Citation: GitHub MailSniper)","1.1","2.1.0","identity--c78cb6e5-0c4b-4611-8297-d1b8b55e40b5","2.1","",""
"tool","tool--9a2640c2-9f43-46fe-b13f-bde881e55555","2018-04-18T17:59:24.739Z","2022-04-25T14:00:00.188Z","","['enterprise-attack']","","","['marking-definition--fa42a846-8d90-4e51-bc29-71d5b4802168']","identity--c78cb6e5-0c4b-4611-8297-d1b8b55e40b5","[{'source_name': 'mitre-attack', 'url': 'https://attack.mitre.org/software/S0225', 'external_id': 'S0225'}, {'source_name': 'sqlmap Introduction', 'description': 'Damele, B., Stampar, M. (n.d.). sqlmap. Retrieved March 19, 2018.', 'url': 'http://sqlmap.org/'}]","sqlmap","[sqlmap](S0225) is an open source penetration testing tool that can be used to automate the process of detecting and exploiting SQL injection flaws. (Citation: sqlmap Introduction)","1.0","2.1.0","identity--c78cb6e5-0c4b-4611-8297-d1b8b55e40b5","2.1","",""
"tool","tool--9de2308e-7bed-43a3-8e58-f194b3586700","2017-05-31T21:32:13.051Z","2022-04-25T14:00:00.188Z","['Windows']","['enterprise-attack']","","['pwdump']","['marking-definition--fa42a846-8d90-4e51-bc29-71d5b4802168']","identity--c78cb6e5-0c4b-4611-8297-d1b8b55e40b5","[{'source_name': 'mitre-attack', 'url': 'https://attack.mitre.org/software/S0006', 'external_id': 'S0006'}, {'source_name': 'Wikipedia pwdump', 'description': 'Wikipedia. (2007, August 9). pwdump. Retrieved June 22, 2016.', 'url': 'https://en.wikipedia.org/wiki/Pwdump'}]","pwdump","[pwdump](S0006) is a credential dumper. (Citation: Wikipedia pwdump)","1.1","2.1.0","identity--c78cb6e5-0c4b-4611-8297-d1b8b55e40b5","2.1","",""
"tool","tool--a1dd2dbd-1550-44bf-abcc-1a4c52e97719","2018-01-16T16:13:52.465Z","2022-05-11T14:00:00.188Z","","['enterprise-attack']","","","['marking-definition--fa42a846-8d90-4e51-bc29-71d5b4802168']","identity--c78cb6e5-0c4b-4611-8297-d1b8b55e40b5","[{'source_name': 'mitre-attack', 'external_id': 'S0174', 'url': 'https://attack.mitre.org/software/S0174'}, {'source_name': 'GitHub Responder', 'url': 'https://github.com/SpiderLabs/Responder', 'description': 'Gaffie, L. (2016, August 25). Responder. Retrieved November 17, 2017.'}]","Responder","Responder is an open source tool used for LLMNR, NBT-NS and MDNS poisoning, with built-in HTTP/SMB/MSSQL/FTP/LDAP rogue authentication server supporting NTLMv1/NTLMv2/LMv2, Extended Security NTLMSSP and Basic HTTP authentication. (Citation: GitHub Responder)","1.1","2.1.0","identity--c78cb6e5-0c4b-4611-8297-d1b8b55e40b5","2.1","False","False"
"tool","tool--a52edc76-328d-4596-85e7-d56ef5a9eb69","2017-05-31T21:33:11.426Z","2022-04-25T14:00:00.188Z","","['enterprise-attack']","","","['marking-definition--fa42a846-8d90-4e51-bc29-71d5b4802168']","identity--c78cb6e5-0c4b-4611-8297-d1b8b55e40b5","[{'source_name': 'mitre-attack', 'url': 'https://attack.mitre.org/software/S0122', 'external_id': 'S0122'}, {'source_name': 'Mandiant APT1', 'description': 'Mandiant. (n.d.). APT1 Exposing One of China’s Cyber Espionage Units. Retrieved July 18, 2016.', 'url': 'https://www.fireeye.com/content/dam/fireeye-www/services/pdfs/mandiant-apt1-report.pdf'}]","Pass-The-Hash Toolkit","[Pass-The-Hash Toolkit](S0122) is a toolkit that allows an adversary to ""pass"" a password hash (without knowing the original password) to log in to systems. (Citation: Mandiant APT1)","1.0","2.1.0","identity--c78cb6e5-0c4b-4611-8297-d1b8b55e40b5","2.1","",""
"tool","tool--a7b5df47-73bb-4d47-b701-869f185633a6","2022-03-25T13:35:46.781Z","2022-04-18T15:31:34.662Z","['Windows']","['enterprise-attack']","['The Wover, @TheRealWover']","['Donut']","['marking-definition--fa42a846-8d90-4e51-bc29-71d5b4802168']","identity--c78cb6e5-0c4b-4611-8297-d1b8b55e40b5","[{'source_name': 'mitre-attack', 'external_id': 'S0695', 'url': 'https://attack.mitre.org/software/S0695'}, {'source_name': 'NCC Group WastedLocker June 2020', 'url': 'https://research.nccgroup.com/2020/06/23/wastedlocker-a-new-ransomware-variant-developed-by-the-evil-corp-group/', 'description': 'Antenucci, S., Pantazopoulos, N., Sandee, M. (2020, June 23). WastedLocker: A New Ransomware Variant Developed By The Evil Corp Group. Retrieved September 14, 2021.'}, {'source_name': 'Introducing Donut', 'url': 'https://thewover.github.io/Introducing-Donut/', 'description': 'The Wover. (2019, May 9). Donut - Injecting .NET Assemblies as Shellcode. Retrieved October 4, 2021.'}, {'source_name': 'Donut Github', 'url': 'https://github.com/TheWover/donut', 'description': 'TheWover. (2019, May 9). donut. Retrieved March 25, 2022.'}]","Donut","[Donut](S0695) is an open source framework used to generate position-independent shellcode.(Citation: Donut Github)(Citation: Introducing Donut) [Donut](S0695) generated code has been used by multiple threat actors to inject and load malicious payloads into memory.(Citation: NCC Group WastedLocker June 2020)","1.0","2.1.0","identity--c78cb6e5-0c4b-4611-8297-d1b8b55e40b5","2.1","False","False"
"tool","tool--afc079f3-c0ea-4096-b75d-3f05338b7f60","2017-05-31T21:32:11.544Z","2022-04-12T18:59:55.116Z","['Windows']","['enterprise-attack']","['Vincent Le Toux']","['Mimikatz']","['marking-definition--fa42a846-8d90-4e51-bc29-71d5b4802168']","identity--c78cb6e5-0c4b-4611-8297-d1b8b55e40b5","[{'source_name': 'mitre-attack', 'external_id': 'S0002', 'url': 'https://attack.mitre.org/software/S0002'}, {'source_name': 'Deply Mimikatz', 'url': 'https://github.com/gentilkiwi/mimikatz', 'description': 'Deply, B. (n.d.). Mimikatz. Retrieved September 29, 2015.'}, {'source_name': 'Adsecurity Mimikatz Guide', 'url': 'https://adsecurity.org/?page_id=1821', 'description': 'Metcalf, S. (2015, November 13). Unofficial Guide to Mimikatz & Command Reference. Retrieved December 23, 2015.'}]","Mimikatz","[Mimikatz](S0002) is a credential dumper capable of obtaining plaintext Windows account logins and passwords, along with many other features that make it useful for testing the security of networks. (Citation: Deply Mimikatz) (Citation: Adsecurity Mimikatz Guide)","1.5","2.1.0","identity--c78cb6e5-0c4b-4611-8297-d1b8b55e40b5","2.1","False","False"
"tool","tool--b07c2c47-fefb-4d7c-a69e-6a3296171f54","2017-05-31T21:32:13.755Z","2022-04-25T14:00:00.188Z","['Windows']","['enterprise-attack']","","['gsecdump']","['marking-definition--fa42a846-8d90-4e51-bc29-71d5b4802168']","identity--c78cb6e5-0c4b-4611-8297-d1b8b55e40b5","[{'source_name': 'mitre-attack', 'url': 'https://attack.mitre.org/software/S0008', 'external_id': 'S0008'}, {'source_name': 'TrueSec Gsecdump', 'description': 'TrueSec. (n.d.). gsecdump v2.0b5. Retrieved September 29, 2015.', 'url': 'https://www.truesec.se/sakerhet/verktyg/saakerhet/gsecdump_v2.0b5'}]","gsecdump","[gsecdump](S0008) is a publicly-available credential dumper used to obtain password hashes and LSA secrets from Windows operating systems. (Citation: TrueSec Gsecdump)","1.1","2.1.0","identity--c78cb6e5-0c4b-4611-8297-d1b8b55e40b5","2.1","",""
"tool","tool--b1595ddd-a783-482a-90e1-8afc8d48467e","2021-02-24T21:28:44.175Z","2022-04-25T14:00:00.188Z","['Windows']","['enterprise-attack']","","['IronNetInjector']","['marking-definition--fa42a846-8d90-4e51-bc29-71d5b4802168']","identity--c78cb6e5-0c4b-4611-8297-d1b8b55e40b5","[{'external_id': 'S0581', 'source_name': 'mitre-attack', 'url': 'https://attack.mitre.org/software/S0581'}, {'source_name': 'Unit 42 IronNetInjector February 2021 ', 'url': ' https://unit42.paloaltonetworks.com/ironnetinjector/', 'description': 'Reichel, D. (2021, February 19). IronNetInjector: Turla’s New Malware Loading Tool. Retrieved February 24, 2021.'}]","IronNetInjector","[IronNetInjector](S0581) is a [Turla](https://attack.mitre.org/groups/G0010) toolchain that utilizes scripts from the open-source IronPython implementation of Python with a .NET injector to drop one or more payloads including [ComRAT](S0126).(Citation: Unit 42 IronNetInjector February 2021 )","1.0","2.1.0","identity--c78cb6e5-0c4b-4611-8297-d1b8b55e40b5","2.1","",""
"tool","tool--b35068ec-107a-4266-bda8-eb7036267aea","2017-05-31T21:33:03.773Z","2022-04-25T14:00:00.188Z","","['enterprise-attack']","","","['marking-definition--fa42a846-8d90-4e51-bc29-71d5b4802168']","identity--c78cb6e5-0c4b-4611-8297-d1b8b55e40b5","[{'source_name': 'mitre-attack', 'url': 'https://attack.mitre.org/software/S0102', 'external_id': 'S0102'}, {'source_name': 'TechNet Nbtstat', 'description': 'Microsoft. (n.d.). Nbtstat. Retrieved April 17, 2016.', 'url': 'https://technet.microsoft.com/en-us/library/cc940106.aspx'}]","nbtstat","[nbtstat](S0102) is a utility used to troubleshoot NetBIOS name resolution. (Citation: TechNet Nbtstat)","1.0","2.1.0","identity--c78cb6e5-0c4b-4611-8297-d1b8b55e40b5","2.1","",""
"tool","tool--b52d6583-14a2-4ddc-8527-87fd2142558f","2018-04-18T17:59:24.739Z","2022-04-25T14:00:00.188Z","","['enterprise-attack']","","","['marking-definition--fa42a846-8d90-4e51-bc29-71d5b4802168']","identity--c78cb6e5-0c4b-4611-8297-d1b8b55e40b5","[{'source_name': 'mitre-attack', 'url': 'https://attack.mitre.org/software/S0231', 'external_id': 'S0231'}, {'source_name': 'GitHub Invoke-PSImage', 'description': 'Adams, B. (2017, December 17). Invoke-PSImage. Retrieved April 10, 2018.', 'url': 'https://github.com/peewpw/Invoke-PSImage'}]","Invoke-PSImage","[Invoke-PSImage](S0231) takes a PowerShell script and embeds the bytes of the script into the pixels of a PNG image. It generates a one liner for executing either from a file of from the web. Example of usage is embedding the PowerShell code from the Invoke-Mimikatz module and embed it into an image file. By calling the image file from a macro for example, the macro will download the picture and execute the PowerShell code, which in this case will dump the passwords. (Citation: GitHub Invoke-PSImage)","1.0","2.1.0","identity--c78cb6e5-0c4b-4611-8297-d1b8b55e40b5","2.1","",""
"tool","tool--b63970b7-ddfb-4aee-97b1-80d335e033a8","2021-03-17T15:26:20.015Z","2021-04-24T20:45:08.323Z","['Windows', 'Linux', 'macOS']","['enterprise-attack']","['Daniyal Naeem, BT Security']","['NBTscan']","['marking-definition--fa42a846-8d90-4e51-bc29-71d5b4802168']","identity--c78cb6e5-0c4b-4611-8297-d1b8b55e40b5","[{'external_id': 'S0590', 'source_name': 'mitre-attack', 'url': 'https://attack.mitre.org/software/S0590'}, {'source_name': 'Debian nbtscan Nov 2019', 'url': 'https://manpages.debian.org/testing/nbtscan/nbtscan.1.en.html', 'description': 'Bezroutchko, A. (2019, November 19). NBTscan man page. Retrieved March 17, 2021.'}, {'source_name': 'SecTools nbtscan June 2003', 'url': 'https://sectools.org/tool/nbtscan/', 'description': 'SecTools. (2003, June 11). NBTscan. Retrieved March 17, 2021.'}, {'source_name': 'Symantec Waterbug Jun 2019', 'url': 'https://www.symantec.com/blogs/threat-intelligence/waterbug-espionage-governments', 'description': 'Symantec DeepSight Adversary Intelligence Team. (2019, June 20). Waterbug: Espionage Group Rolls Out Brand-New Toolset in Attacks Against Governments. Retrieved July 8, 2019.'}, {'source_name': 'FireEye APT39 Jan 2019', 'url': 'https://www.fireeye.com/blog/threat-research/2019/01/apt39-iranian-cyber-espionage-group-focused-on-personal-information.html', 'description': 'Hawley et al. (2019, January 29). APT39: An Iranian Cyber Espionage Group Focused on Personal Information. Retrieved February 19, 2019.'}]","NBTscan","[NBTscan](S0590) is an open source tool that has been used by state groups to conduct internal reconnaissance within a compromised network.(Citation: Debian nbtscan Nov 2019)(Citation: SecTools nbtscan June 2003)(Citation: Symantec Waterbug Jun 2019)(Citation: FireEye APT39 Jan 2019)","1.0","2.1.0","identity--c78cb6e5-0c4b-4611-8297-d1b8b55e40b5","2.1","",""
"tool","tool--b76b2d94-60e4-4107-a903-4a3a7622fb3b","2019-01-30T16:44:59.887Z","2022-04-25T14:00:00.188Z","['Linux', 'macOS', 'Windows']","['enterprise-attack']","","['LaZagne']","['marking-definition--fa42a846-8d90-4e51-bc29-71d5b4802168']","identity--c78cb6e5-0c4b-4611-8297-d1b8b55e40b5","[{'url': 'https://attack.mitre.org/software/S0349', 'source_name': 'mitre-attack', 'external_id': 'S0349'}, {'source_name': 'LaZagne', 'description': '(Citation: GitHub LaZange Dec 2018)'}, {'description': 'Zanni, A. (n.d.). The LaZagne Project !!!. Retrieved December 14, 2018.', 'url': 'https://github.com/AlessandroZ/LaZagne', 'source_name': 'GitHub LaZagne Dec 2018'}]","LaZagne","[LaZagne](S0349) is a post-exploitation, open-source tool used to recover stored passwords on a system. It has modules for Windows, Linux, and OSX, but is mainly focused on Windows systems. [LaZagne](S0349) is publicly available on GitHub.(Citation: GitHub LaZagne Dec 2018)","1.3","2.1.0","identity--c78cb6e5-0c4b-4611-8297-d1b8b55e40b5","2.1","",""
"tool","tool--b77b563c-34bb-4fb8-86a3-3694338f7b47","2017-05-31T21:33:01.483Z","2022-05-11T14:00:00.188Z","","['enterprise-attack']","","","['marking-definition--fa42a846-8d90-4e51-bc29-71d5b4802168']","identity--c78cb6e5-0c4b-4611-8297-d1b8b55e40b5","[{'source_name': 'mitre-attack', 'external_id': 'S0097', 'url': 'https://attack.mitre.org/software/S0097'}, {'source_name': 'TechNet Ping', 'url': 'https://technet.microsoft.com/en-us/library/bb490968.aspx', 'description': 'Microsoft. (n.d.). Ping. Retrieved April 8, 2016.'}]","Ping","[Ping](S0097) is an operating system utility commonly used to troubleshoot and verify network connections. (Citation: TechNet Ping)","1.1","2.1.0","identity--c78cb6e5-0c4b-4611-8297-d1b8b55e40b5","2.1","False","False"
"tool","tool--bba595da-b73a-4354-aa6c-224d4de7cb4e","2017-05-31T21:33:05.319Z","2022-04-25T14:00:00.188Z","['Windows']","['enterprise-attack']","","['cmd', 'cmd.exe']","['marking-definition--fa42a846-8d90-4e51-bc29-71d5b4802168']","identity--c78cb6e5-0c4b-4611-8297-d1b8b55e40b5","[{'source_name': 'mitre-attack', 'url': 'https://attack.mitre.org/software/S0106', 'external_id': 'S0106'}, {'url': 'https://technet.microsoft.com/en-us/library/bb490880.aspx', 'description': 'Microsoft. (n.d.). Cmd. Retrieved April 18, 2016.', 'source_name': 'TechNet Cmd'}, {'url': 'https://technet.microsoft.com/en-us/library/cc755121.aspx', 'description': 'Microsoft. (n.d.). Dir. Retrieved April 18, 2016.', 'source_name': 'TechNet Dir'}, {'url': 'https://technet.microsoft.com/en-us/library/cc771049.aspx', 'description': 'Microsoft. (n.d.). Del. Retrieved April 22, 2016.', 'source_name': 'TechNet Del'}, {'url': 'https://technet.microsoft.com/en-us/library/bb490886.aspx', 'description': 'Microsoft. (n.d.). Copy. Retrieved April 26, 2016.', 'source_name': 'TechNet Copy'}]","cmd","[cmd](S0106) is the Windows command-line interpreter that can be used to interact with systems and execute other processes and utilities. (Citation: TechNet Cmd)

Cmd.exe contains native functionality to perform many operations to interact with the system, including listing files in a directory (e.g., `dir` (Citation: TechNet Dir)), deleting files (e.g., `del` (Citation: TechNet Del)), and copying files (e.g., `copy` (Citation: TechNet Copy)).","1.1","2.1.0","identity--c78cb6e5-0c4b-4611-8297-d1b8b55e40b5","2.1","",""
"tool","tool--c11ac61d-50f4-444f-85d8-6f006067f0de","2017-05-31T21:33:04.151Z","2022-05-11T14:00:00.188Z","","['enterprise-attack']","","","['marking-definition--fa42a846-8d90-4e51-bc29-71d5b4802168']","identity--c78cb6e5-0c4b-4611-8297-d1b8b55e40b5","[{'source_name': 'mitre-attack', 'external_id': 'S0103', 'url': 'https://attack.mitre.org/software/S0103'}, {'source_name': 'TechNet Route', 'url': 'https://technet.microsoft.com/en-us/library/bb490991.aspx', 'description': 'Microsoft. (n.d.). Route. Retrieved April 17, 2016.'}]","route","[route](S0103) can be used to find or change information within the local system IP routing table. (Citation: TechNet Route)","1.1","2.1.0","identity--c78cb6e5-0c4b-4611-8297-d1b8b55e40b5","2.1","False","False"
"tool","tool--c256da91-6dd5-40b2-beeb-ee3b22ab3d27","2019-09-03T18:25:36.963Z","2021-10-01T17:48:10.492Z","['Windows']","['enterprise-attack']","['Edward Millington', 'Matthew Demaske, Adaptforward']","['esentutl', 'esentutl.exe']","['marking-definition--fa42a846-8d90-4e51-bc29-71d5b4802168']","identity--c78cb6e5-0c4b-4611-8297-d1b8b55e40b5","[{'external_id': 'S0404', 'source_name': 'mitre-attack', 'url': 'https://attack.mitre.org/software/S0404'}, {'description': 'Microsoft. (2016, August 30). Esentutl. Retrieved September 3, 2019.', 'url': 'https://docs.microsoft.com/en-us/previous-versions/windows/it-pro/windows-server-2012-R2-and-2012/hh875546(v=ws.11)', 'source_name': 'Microsoft Esentutl'}]","esentutl","[esentutl](S0404) is a command-line tool that provides database utilities for the Windows Extensible Storage Engine.(Citation: Microsoft Esentutl)","1.2","2.1.0","identity--c78cb6e5-0c4b-4611-8297-d1b8b55e40b5","2.1","",""
"tool","tool--c4810609-7da6-48ec-8057-1b70a7814db0","2020-07-17T14:23:05.958Z","2022-04-25T14:00:00.188Z","['Windows']","['enterprise-attack']","","['CrackMapExec']","['marking-definition--fa42a846-8d90-4e51-bc29-71d5b4802168']","identity--c78cb6e5-0c4b-4611-8297-d1b8b55e40b5","[{'external_id': 'S0488', 'source_name': 'mitre-attack', 'url': 'https://attack.mitre.org/software/S0488'}, {'source_name': 'CME Github September 2018', 'url': 'https://github.com/byt3bl33d3r/CrackMapExec/wiki/SMB-Command-Reference', 'description': 'byt3bl33d3r. (2018, September 8). SMB: Command Reference. Retrieved July 17, 2020.'}]","CrackMapExec","[CrackMapExec](S0488), or CME, is a post-exploitation tool developed in Python and designed for penetration testing against networks. [CrackMapExec](S0488) collects Active Directory information to conduct lateral movement through targeted networks.(Citation: CME Github September 2018)","1.0","2.1.0","identity--c78cb6e5-0c4b-4611-8297-d1b8b55e40b5","2.1","",""
"tool","tool--c8655260-9f4b-44e3-85e1-6538a5f6e4f4","2018-10-17T00:14:20.652Z","2022-05-11T14:00:00.188Z","['Windows']","['enterprise-attack']","","['Koadic']","['marking-definition--fa42a846-8d90-4e51-bc29-71d5b4802168']","identity--c78cb6e5-0c4b-4611-8297-d1b8b55e40b5","[{'source_name': 'mitre-attack', 'external_id': 'S0250', 'url': 'https://attack.mitre.org/software/S0250'}, {'source_name': 'Koadic', 'description': '(Citation: Github Koadic)(Citation: MalwareBytes LazyScripter Feb 2021)'}, {'source_name': 'MalwareBytes LazyScripter Feb 2021', 'url': 'https://www.malwarebytes.com/resources/files/2021/02/lazyscripter.pdf', 'description': 'Jazi, H. (2021, February). LazyScripter: From Empire to double RAT. Retrieved November 24, 2021.'}, {'source_name': 'Palo Alto Sofacy 06-2018', 'url': 'https://researchcenter.paloaltonetworks.com/2018/06/unit42-sofacy-groups-parallel-attacks/', 'description': 'Lee, B., Falcone, R. (2018, June 06). Sofacy Group’s Parallel Attacks. Retrieved June 18, 2018.'}, {'source_name': 'Github Koadic', 'url': 'https://github.com/zerosum0x0/koadic', 'description': 'Magius, J., et al. (2017, July 19). Koadic. Retrieved June 18, 2018.'}]","Koadic","[Koadic](S0250) is a Windows post-exploitation framework and penetration testing tool that is publicly available on GitHub. [Koadic](S0250) has several options for staging payloads and creating implants, and performs most of its operations using Windows Script Host.(Citation: Github Koadic)(Citation: Palo Alto Sofacy 06-2018)(Citation: MalwareBytes LazyScripter Feb 2021)","2.0","2.1.0","identity--c78cb6e5-0c4b-4611-8297-d1b8b55e40b5","2.1","False","False"
"tool","tool--c9703cd3-141c-43a0-a926-380082be5d04","2017-05-31T21:33:07.218Z","2022-05-11T14:00:00.188Z","['Windows']","['enterprise-attack']","","['schtasks', 'schtasks.exe']","['marking-definition--fa42a846-8d90-4e51-bc29-71d5b4802168']","identity--c78cb6e5-0c4b-4611-8297-d1b8b55e40b5","[{'source_name': 'mitre-attack', 'external_id': 'S0111', 'url': 'https://attack.mitre.org/software/S0111'}, {'source_name': 'TechNet Schtasks', 'url': 'https://technet.microsoft.com/en-us/library/bb490996.aspx', 'description': 'Microsoft. (n.d.). Schtasks. Retrieved April 28, 2016.'}]","schtasks","[schtasks](S0111) is used to schedule execution of programs or scripts on a Windows system to run at a specific date and time. (Citation: TechNet Schtasks)","1.2","2.1.0","identity--c78cb6e5-0c4b-4611-8297-d1b8b55e40b5","2.1","False","False"
"tool","tool--c9cd7ec9-40b7-49db-80be-1399eddd9c52","2017-05-31T21:33:10.197Z","2022-04-25T14:00:00.188Z","['Windows']","['enterprise-attack']","","['Cachedump']","['marking-definition--fa42a846-8d90-4e51-bc29-71d5b4802168']","identity--c78cb6e5-0c4b-4611-8297-d1b8b55e40b5","[{'source_name': 'mitre-attack', 'url': 'https://attack.mitre.org/software/S0119', 'external_id': 'S0119'}, {'source_name': 'Mandiant APT1', 'description': 'Mandiant. (n.d.). APT1 Exposing One of China’s Cyber Espionage Units. Retrieved July 18, 2016.', 'url': 'https://www.fireeye.com/content/dam/fireeye-www/services/pdfs/mandiant-apt1-report.pdf'}]","Cachedump","[Cachedump](S0119) is a publicly-available tool that program extracts cached password hashes from a system’s registry. (Citation: Mandiant APT1)","1.1","2.1.0","identity--c78cb6e5-0c4b-4611-8297-d1b8b55e40b5","2.1","",""
"tool","tool--ca656c25-44f1-471b-9d9f-e2a3bbb84973","2019-02-19T19:17:14.971Z","2020-03-20T18:43:16.989Z","['Windows']","['enterprise-attack']","['Matthew Demaske, Adaptforward']","['Expand']","['marking-definition--fa42a846-8d90-4e51-bc29-71d5b4802168']","identity--c78cb6e5-0c4b-4611-8297-d1b8b55e40b5","[{'external_id': 'S0361', 'source_name': 'mitre-attack', 'url': 'https://attack.mitre.org/software/S0361'}, {'source_name': 'Microsoft Expand Utility', 'url': 'https://docs.microsoft.com/en-us/windows-server/administration/windows-commands/expand', 'description': 'Microsoft. (2017, October 15). Expand. Retrieved February 19, 2019.'}, {'url': 'http://researchcenter.paloaltonetworks.com/2015/12/bbsrat-attacks-targeting-russian-organizations-linked-to-roaming-tiger/', 'description': 'Lee, B. Grunzweig, J. (2015, December 22). BBSRAT Attacks Targeting Russian Organizations Linked to Roaming Tiger. Retrieved August 19, 2016.', 'source_name': 'Palo Alto Networks BBSRAT'}]","Expand","[Expand](S0361) is a Windows utility used to expand one or more compressed CAB files.(Citation: Microsoft Expand Utility) It has been used by [BBSRAT](S0127) to decompress a CAB file into executable content.(Citation: Palo Alto Networks BBSRAT)","1.1","2.1.0","identity--c78cb6e5-0c4b-4611-8297-d1b8b55e40b5","2.1","",""
"tool","tool--cb69b20d-56d0-41ab-8440-4a4b251614d4","2018-04-18T17:59:24.739Z","2022-04-25T14:00:00.188Z","['Linux', 'Windows', 'macOS', 'Android']","['enterprise-attack']","","['Pupy']","['marking-definition--fa42a846-8d90-4e51-bc29-71d5b4802168']","identity--c78cb6e5-0c4b-4611-8297-d1b8b55e40b5","[{'source_name': 'mitre-attack', 'url': 'https://attack.mitre.org/software/S0192', 'external_id': 'S0192'}, {'source_name': 'GitHub Pupy', 'description': 'Nicolas Verdier. (n.d.). Retrieved January 29, 2018.', 'url': 'https://github.com/n1nj4sec/pupy'}]","Pupy","[Pupy](S0192) is an open source, cross-platform (Windows, Linux, OSX, Android) remote administration and post-exploitation tool. (Citation: GitHub Pupy) It is written in Python and can be generated as a payload in several different ways (Windows exe, Python file, PowerShell oneliner/file, Linux elf, APK, Rubber Ducky, etc.). (Citation: GitHub Pupy) [Pupy](S0192) is publicly available on GitHub. (Citation: GitHub Pupy)","1.2","2.1.0","identity--c78cb6e5-0c4b-4611-8297-d1b8b55e40b5","2.1","",""
"tool","tool--cde2d700-9ed1-46cf-9bce-07364fe8b24f","2017-05-31T21:32:49.000Z","2022-04-25T14:00:00.188Z","['Windows']","['enterprise-attack']","","['Reg', 'reg.exe']","['marking-definition--fa42a846-8d90-4e51-bc29-71d5b4802168']","identity--c78cb6e5-0c4b-4611-8297-d1b8b55e40b5","[{'source_name': 'mitre-attack', 'url': 'https://attack.mitre.org/software/S0075', 'external_id': 'S0075'}, {'source_name': 'Microsoft Reg', 'description': 'Microsoft. (2012, April 17). Reg. Retrieved May 1, 2015.', 'url': 'https://technet.microsoft.com/en-us/library/cc732643.aspx'}, {'url': 'https://blogs.jpcert.or.jp/en/2016/01/windows-commands-abused-by-attackers.html', 'description': 'Tomonaga, S. (2016, January 26). Windows Commands Abused by Attackers. Retrieved February 2, 2016.', 'source_name': 'Windows Commands JPCERT'}]","Reg","[Reg](S0075) is a Windows utility used to interact with the Windows Registry. It can be used at the command-line interface to query, add, modify, and remove information. (Citation: Microsoft Reg)

Utilities such as [Reg](S0075) are known to be used by persistent threats. (Citation: Windows Commands JPCERT)","1.0","2.1.0","identity--c78cb6e5-0c4b-4611-8297-d1b8b55e40b5","2.1","",""
"tool","tool--cf23bf4a-e003-4116-bbae-1ea6c558d565","2017-05-31T21:33:00.565Z","2022-05-11T14:00:00.188Z","['Linux', 'Windows', 'macOS']","['enterprise-attack']","","['ftp', 'ftp.exe']","['marking-definition--fa42a846-8d90-4e51-bc29-71d5b4802168']","identity--c78cb6e5-0c4b-4611-8297-d1b8b55e40b5","[{'source_name': 'mitre-attack', 'url': 'https://attack.mitre.org/software/S0095', 'external_id': 'S0095'}, {'source_name': 'Microsoft FTP', 'url': 'https://docs.microsoft.com/en-us/windows-server/administration/windows-commands/ftp', 'description': 'Microsoft. (2021, July 21). ftp. Retrieved February 25, 2022.'}, {'source_name': 'Linux FTP', 'url': 'https://linux.die.net/man/1/ftp', 'description': 'N/A. (n.d.). ftp(1) - Linux man page. Retrieved February 25, 2022.'}]","ftp","[ftp](S0095) is a utility commonly available with operating systems to transfer information over the File Transfer Protocol (FTP). Adversaries can use it to transfer other tools onto a system or to exfiltrate data.(Citation: Microsoft FTP)(Citation: Linux FTP)","2.0","2.1.0","identity--c78cb6e5-0c4b-4611-8297-d1b8b55e40b5","2.1","",""
"tool","tool--d505fc8b-2e64-46eb-96d6-9ef7ffca5b66","2022-03-26T01:38:12.966Z","2022-04-18T15:41:53.146Z","['Windows', 'Linux', 'macOS']","['enterprise-attack']","['Cody Thomas, SpecterOps']","['Mythic']","['marking-definition--fa42a846-8d90-4e51-bc29-71d5b4802168']","identity--c78cb6e5-0c4b-4611-8297-d1b8b55e40b5","[{'source_name': 'mitre-attack', 'external_id': 'S0699', 'url': 'https://attack.mitre.org/software/S0699'}, {'source_name': 'RecordedFuture 2021 Ad Infra', 'url': 'https://go.recordedfuture.com/hubfs/reports/cta-2022-0118.pdf', 'description': 'Insikt Group. (2022, January 18). 2021 Adversary Infrastructure Report. Retrieved March 25, 2022.'}, {'source_name': 'Mythic Github', 'url': 'https://github.com/its-a-feature/Mythic', 'description': 'Thomas, C. (2018, July 4). Mythic. Retrieved March 25, 2022.'}, {'source_name': 'Mythic SpecterOps', 'url': 'https://posts.specterops.io/a-change-of-mythic-proportions-21debeb03617', 'description': 'Thomas, C. (2020, August 13). A Change of Mythic Proportions. Retrieved March 25, 2022.'}, {'source_name': 'Mythc Documentation', 'url': 'https://docs.mythic-c2.net/', 'description': 'Thomas, C. (n.d.). Mythc Documentation. Retrieved March 25, 2022.'}]","Mythic","[Mythic](S0699) is an open source, cross-platform post-exploitation/command and control platform. [Mythic](S0699) is designed to ""plug-n-play"" with various agents and communication channels.(Citation: Mythic Github)(Citation: Mythic SpecterOps)(Citation: Mythc Documentation) Deployed [Mythic](S0699) C2 servers have been observed as part of potentially malicious infrastructure.(Citation: RecordedFuture 2021 Ad Infra)","1.0","2.1.0","identity--c78cb6e5-0c4b-4611-8297-d1b8b55e40b5","2.1","False","False"
"tool","tool--d5e96a35-7b0b-4c6a-9533-d63ecbda563e","2017-05-31T21:32:32.011Z","2022-04-25T14:00:00.188Z","['Linux', 'Windows']","['enterprise-attack']","","['HTRAN', 'HUC Packet Transmit Tool']","['marking-definition--fa42a846-8d90-4e51-bc29-71d5b4802168']","identity--c78cb6e5-0c4b-4611-8297-d1b8b55e40b5","[{'source_name': 'mitre-attack', 'url': 'https://attack.mitre.org/software/S0040', 'external_id': 'S0040'}, {'source_name': 'HUC Packet Transmit Tool', 'description': '(Citation: Operation Quantum Entanglement)'}, {'url': 'https://www.fireeye.com/content/dam/fireeye-www/global/en/current-threats/pdfs/wp-operation-quantum-entanglement.pdf', 'description': 'Haq, T., Moran, N., Vashisht, S., Scott, M. (2014, September). OPERATION QUANTUM ENTANGLEMENT. Retrieved November 4, 2015.', 'source_name': 'Operation Quantum Entanglement'}, {'description': 'The Australian Cyber Security Centre (ACSC), the Canadian Centre for Cyber Security (CCCS), the New Zealand National Cyber Security Centre (NZ NCSC), CERT New Zealand, the UK National Cyber Security Centre (UK NCSC) and the US National Cybersecurity and Communications Integration Center (NCCIC). (2018, October 11). Joint report on publicly available hacking tools. Retrieved March 11, 2019.', 'url': 'https://www.ncsc.gov.uk/report/joint-report-on-publicly-available-hacking-tools', 'source_name': 'NCSC Joint Report Public Tools'}]","HTRAN","[HTRAN](S0040) is a tool that proxies connections through intermediate hops and aids users in disguising their true geographical location. It can be used by adversaries to hide their location when interacting with the victim networks. (Citation: Operation Quantum Entanglement)(Citation: NCSC Joint Report Public Tools)","1.2","2.1.0","identity--c78cb6e5-0c4b-4611-8297-d1b8b55e40b5","2.1","",""
"tool","tool--d8d19e33-94fd-4aa3-b94a-08ee801a2153","2018-04-18T17:59:24.739Z","2022-04-25T14:00:00.188Z","['Windows']","['enterprise-attack']","","['SDelete']","['marking-definition--fa42a846-8d90-4e51-bc29-71d5b4802168']","identity--c78cb6e5-0c4b-4611-8297-d1b8b55e40b5","[{'source_name': 'mitre-attack', 'url': 'https://attack.mitre.org/software/S0195', 'external_id': 'S0195'}, {'source_name': 'SDelete', 'description': '(Citation: Microsoft SDelete July 2016)'}, {'source_name': 'Microsoft SDelete July 2016', 'description': 'Russinovich, M. (2016, July 4). SDelete v2.0. Retrieved February 8, 2018.', 'url': 'https://docs.microsoft.com/en-us/sysinternals/downloads/sdelete'}]","SDelete","[SDelete](S0195) is an application that securely deletes data in a way that makes it unrecoverable. It is part of the Microsoft Sysinternals suite of tools. (Citation: Microsoft SDelete July 2016)","1.2","2.1.0","identity--c78cb6e5-0c4b-4611-8297-d1b8b55e40b5","2.1","",""
"tool","tool--da04ac30-27da-4959-a67d-450ce47d9470","2018-10-17T00:14:20.652Z","2022-05-11T14:00:00.188Z","['Windows']","['enterprise-attack']","","['QuasarRAT', 'xRAT']","['marking-definition--fa42a846-8d90-4e51-bc29-71d5b4802168']","identity--c78cb6e5-0c4b-4611-8297-d1b8b55e40b5","[{'source_name': 'mitre-attack', 'external_id': 'S0262', 'url': 'https://attack.mitre.org/software/S0262'}, {'source_name': 'QuasarRAT', 'description': '(Citation: GitHub QuasarRAT) (Citation: Volexity Patchwork June 2018) (Citation: TrendMicro Patchwork Dec 2017)'}, {'source_name': 'xRAT', 'description': '(Citation: TrendMicro Patchwork Dec 2017)(Citation: Securelist APT10 March 2021)'}, {'source_name': 'Securelist APT10 March 2021', 'url': 'https://securelist.com/apt10-sophisticated-multi-layered-loader-ecipekac-discovered-in-a41apt-campaign/101519/', 'description': 'GREAT. (2021, March 30). APT10: sophisticated multi-layered loader Ecipekac discovered in A41APT campaign. Retrieved June 17, 2021.'}, {'source_name': 'TrendMicro Patchwork Dec 2017', 'url': 'https://documents.trendmicro.com/assets/tech-brief-untangling-the-patchwork-cyberespionage-group.pdf', 'description': 'Lunghi, D., et al. (2017, December). Untangling the Patchwork Cyberespionage Group. Retrieved July 10, 2018.'}, {'source_name': 'GitHub QuasarRAT', 'url': 'https://github.com/quasar/QuasarRAT', 'description': 'MaxXor. (n.d.). QuasarRAT. Retrieved July 10, 2018.'}, {'source_name': 'Volexity Patchwork June 2018', 'url': 'https://www.volexity.com/blog/2018/06/07/patchwork-apt-group-targets-us-think-tanks/', 'description': 'Meltzer, M, et al. (2018, June 07). Patchwork APT Group Targets US Think Tanks. Retrieved July 16, 2018.'}]","QuasarRAT","[QuasarRAT](S0262) is an open-source, remote access tool that is publicly available on GitHub. [QuasarRAT](S0262) is developed in the C# language. (Citation: GitHub QuasarRAT) (Citation: Volexity Patchwork June 2018)","1.3","2.1.0","identity--c78cb6e5-0c4b-4611-8297-d1b8b55e40b5","2.1","False","False"
"tool","tool--ed7d0cb1-87a6-43b4-9f46-ef1bc56d6c68","2018-01-16T16:13:52.465Z","2022-04-25T14:00:00.188Z","['Linux', 'Windows', 'macOS']","['enterprise-attack']","","['Tor']","['marking-definition--fa42a846-8d90-4e51-bc29-71d5b4802168']","identity--c78cb6e5-0c4b-4611-8297-d1b8b55e40b5","[{'source_name': 'mitre-attack', 'url': 'https://attack.mitre.org/software/S0183', 'external_id': 'S0183'}, {'source_name': 'Tor', 'description': '(Citation: Dingledine Tor The Second-Generation Onion Router)'}, {'source_name': 'Dingledine Tor The Second-Generation Onion Router', 'description': 'Roger Dingledine, Nick Mathewson and Paul Syverson. (2004). Tor: The Second-Generation Onion Router. Retrieved December 21, 2017.', 'url': 'http://www.dtic.mil/dtic/tr/fulltext/u2/a465464.pdf'}]","Tor","[Tor](S0183) is a software suite and network that provides increased anonymity on the Internet. It creates a multi-hop proxy network and utilizes multilayer encryption to protect both the message and routing information. [Tor](S0183) utilizes ""Onion Routing,"" in which messages are encrypted with multiple layers of encryption; at each step in the proxy network, the topmost layer is decrypted and the contents forwarded on to the next node until it reaches its destination. (Citation: Dingledine Tor The Second-Generation Onion Router)","1.1","2.1.0","identity--c78cb6e5-0c4b-4611-8297-d1b8b55e40b5","2.1","",""
"tool","tool--f59508a6-3615-47c3-b493-6676e1a39a87","2020-12-28T18:35:50.244Z","2022-04-25T14:00:00.188Z","['Windows']","['enterprise-attack']","","['AdFind']","['marking-definition--fa42a846-8d90-4e51-bc29-71d5b4802168']","identity--c78cb6e5-0c4b-4611-8297-d1b8b55e40b5","[{'external_id': 'S0552', 'source_name': 'mitre-attack', 'url': 'https://attack.mitre.org/software/S0552'}, {'source_name': 'Red Canary Hospital Thwarted Ryuk October 2020', 'url': 'https://redcanary.com/blog/how-one-hospital-thwarted-a-ryuk-ransomware-outbreak/ ', 'description': 'Brian Donohue, Katie Nickels, Paul Michaud, Adina Bodkins, Taylor Chapman, Tony Lambert, Jeff Felling, Kyle Rainey, Mike Haag, Matt Graeber, Aaron Didier.. (2020, October 29). A Bazar start: How one hospital thwarted a Ryuk ransomware outbreak. Retrieved October 30, 2020.'}, {'description': 'McKeague, B. et al. (2019, April 5). Pick-Six: Intercepting a FIN6 Intrusion, an Actor Recently Tied to Ryuk and LockerGoga Ransomware. Retrieved April 17, 2019.', 'url': 'https://www.fireeye.com/blog/threat-research/2019/04/pick-six-intercepting-a-fin6-intrusion.html', 'source_name': 'FireEye FIN6 Apr 2019'}, {'source_name': 'FireEye Ryuk and Trickbot January 2019', 'url': 'https://www.fireeye.com/blog/threat-research/2019/01/a-nasty-trick-from-credential-theft-malware-to-business-disruption.html', 'description': 'Goody, K., et al (2019, January 11). A Nasty Trick: From Credential Theft Malware to Business Disruption. Retrieved May 12, 2020.'}]","AdFind","[AdFind](S0552) is a free command-line query tool that can be used for gathering information from Active Directory.(Citation: Red Canary Hospital Thwarted Ryuk October 2020)(Citation: FireEye FIN6 Apr 2019)(Citation: FireEye Ryuk and Trickbot January 2019)","1.0","2.1.0","identity--c78cb6e5-0c4b-4611-8297-d1b8b55e40b5","2.1","",""
"tool","tool--f91162cc-1686-4ff8-8115-bf3f61a4cc7a","2021-09-14T21:45:30.280Z","2021-09-21T18:03:13.205Z","['Windows']","['enterprise-attack']","['Viren Chaudhari, Qualys', 'Harshal Tupsamudre, Qualys']","['Wevtutil']","['marking-definition--fa42a846-8d90-4e51-bc29-71d5b4802168']","identity--c78cb6e5-0c4b-4611-8297-d1b8b55e40b5","[{'external_id': 'S0645', 'source_name': 'mitre-attack', 'url': 'https://attack.mitre.org/software/S0645'}, {'source_name': 'Wevtutil Microsoft Documentation', 'url': 'https://docs.microsoft.com/en-us/windows-server/administration/windows-commands/wevtutil', 'description': 'Microsoft. (n.d.). wevtutil. Retrieved September 14, 2021.'}]","Wevtutil","[Wevtutil](S0645) is a Windows command-line utility that enables administrators to retrieve information about event logs and publishers.(Citation: Wevtutil Microsoft Documentation)","1.0","2.1.0","identity--c78cb6e5-0c4b-4611-8297-d1b8b55e40b5","2.1","",""
"tool","tool--fbd727ea-c0dc-42a9-8448-9e12962d1ab5","2018-04-18T17:59:24.739Z","2022-04-25T14:00:00.188Z","","['enterprise-attack']","","","['marking-definition--fa42a846-8d90-4e51-bc29-71d5b4802168']","identity--c78cb6e5-0c4b-4611-8297-d1b8b55e40b5","[{'source_name': 'mitre-attack', 'url': 'https://attack.mitre.org/software/S0224', 'external_id': 'S0224'}, {'source_name': 'Check Point Havij Analysis', 'description': 'Ganani, M. (2015, May 14). Analysis of the Havij SQL Injection tool. Retrieved March 19, 2018.', 'url': 'https://blog.checkpoint.com/2015/05/14/analysis-havij-sql-injection-tool/'}]","Havij","[Havij](S0224) is an automatic SQL Injection tool distributed by the Iranian ITSecTeam security company. Havij has been used by penetration testers and adversaries. (Citation: Check Point Havij Analysis)","1.0","2.1.0","identity--c78cb6e5-0c4b-4611-8297-d1b8b55e40b5","2.1","",""
"tool","tool--ff6caf67-ea1f-4895-b80e-4bb0fc31c6db","2017-05-31T21:32:21.771Z","2021-06-24T13:47:24.660Z","['Windows']","['enterprise-attack']","['Janantha Marasinghe']","['PsExec']","['marking-definition--fa42a846-8d90-4e51-bc29-71d5b4802168']","identity--c78cb6e5-0c4b-4611-8297-d1b8b55e40b5","[{'source_name': 'mitre-attack', 'url': 'https://attack.mitre.org/software/S0029', 'external_id': 'S0029'}, {'url': 'https://technet.microsoft.com/en-us/sysinternals/bb897553.aspx', 'description': 'Russinovich, M. (2014, May 2). Windows Sysinternals PsExec v2.11. Retrieved May 13, 2015.', 'source_name': 'Russinovich Sysinternals'}, {'url': 'https://digital-forensics.sans.org/blog/2012/12/17/protecting-privileged-domain-accounts-psexec-deep-dive', 'description': 'Pilkington, M.. (2012, December 17). Protecting Privileged Domain Accounts: PsExec Deep-Dive. Retrieved August 17, 2016.', 'source_name': 'SANS PsExec'}]","PsExec","[PsExec](S0029) is a free Microsoft tool that can be used to execute a program on another computer. It is used by IT administrators and attackers. (Citation: Russinovich Sysinternals) (Citation: SANS PsExec)","1.2","2.1.0","identity--c78cb6e5-0c4b-4611-8297-d1b8b55e40b5","2.1","",""
"tool","tool--aafea02e-ece5-4bb2-91a6-3bf8c7f38a39","2017-12-14T16:46:06.044Z","2020-11-12T14:49:39.188Z","['Windows']","['enterprise-attack']","['Josh Abraham']","['Cobalt Strike']","['marking-definition--fa42a846-8d90-4e51-bc29-71d5b4802168']","identity--c78cb6e5-0c4b-4611-8297-d1b8b55e40b5","[{'source_name': 'mitre-attack', 'url': 'https://attack.mitre.org/software/S0154', 'external_id': 'S0154'}, {'url': 'https://cobaltstrike.com/downloads/csmanual38.pdf', 'description': 'Strategic Cyber LLC. (2017, March 14). Cobalt Strike Manual. Retrieved May 24, 2017.', 'source_name': 'cobaltstrike manual'}]","Cobalt Strike","[Cobalt Strike](S0154) is a commercial, full-featured, penetration testing tool which bills itself as “adversary simulation software designed to execute targeted attacks and emulate the post-exploitation actions of advanced threat actors”. Cobalt Strike’s interactive post-exploit capabilities cover the full range of ATT&CK tactics, all executed within a single, integrated system. (Citation: cobaltstrike manual)

In addition to its own capabilities, [Cobalt Strike](S0154) leverages the capabilities of other well-known tools such as Metasploit and [Mimikatz](S0002). (Citation: cobaltstrike manual)","1.4","2.1.0","identity--c78cb6e5-0c4b-4611-8297-d1b8b55e40b5","2.1","True",""
