"type","id","created","modified","name","description","external_references","object_marking_refs","created_by_ref","x_mitre_aliases","spec_version","x_mitre_attack_spec_version","x_mitre_domains","x_mitre_modified_by_ref","x_mitre_version","x_mitre_contributors"
"tool","tool--30489451-5886-4c46-90c9-0dff9adc5252","2017-05-31T21:33:02.428Z","2018-01-17T12:56:55.080Z","Arp","Arp displays information about a system's Address Resolution Protocol (ARP) cache. (Citation: TechNet Arp)

Aliases: Arp, arp.exe","[{'url': 'https://attack.mitre.org/wiki/Software/S0099', 'source_name': 'mitre-attack', 'external_id': 'S0099'}, {'description': 'Microsoft. (n.d.). Arp. Retrieved April 17, 2016.', 'source_name': 'TechNet Arp', 'url': 'https://technet.microsoft.com/en-us/library/bb490864.aspx'}]","['marking-definition--fa42a846-8d90-4e51-bc29-71d5b4802168']","identity--c78cb6e5-0c4b-4611-8297-d1b8b55e40b5","['Arp', 'arp.exe']","2.1","2.1.0","['enterprise-attack']","identity--c78cb6e5-0c4b-4611-8297-d1b8b55e40b5","1.0",""
"tool","tool--64764dc6-a032-495f-8250-1e4c06bdc163","2018-04-18T17:59:24.739Z","2018-04-18T17:59:24.739Z","BITSAdmin","is a command line tool used to create and manage BITS Jobs. (Citation: Microsoft BITSAdmin)

Aliases: BITSAdmin","[{'url': 'https://attack.mitre.org/wiki/Software/S0190', 'source_name': 'mitre-attack', 'external_id': 'S0190'}, {'description': 'Microsoft. (n.d.). BITSAdmin Tool. Retrieved January 12, 2018.', 'source_name': 'Microsoft BITSAdmin', 'url': 'https://msdn.microsoft.com/library/aa362813.aspx'}]","['marking-definition--fa42a846-8d90-4e51-bc29-71d5b4802168']","identity--c78cb6e5-0c4b-4611-8297-d1b8b55e40b5","['BITSAdmin']","2.1","2.1.0","['enterprise-attack']","identity--c78cb6e5-0c4b-4611-8297-d1b8b55e40b5","1.0",""
"tool","tool--c9cd7ec9-40b7-49db-80be-1399eddd9c52","2017-05-31T21:33:10.197Z","2018-01-17T12:56:55.080Z","Cachedump","Cachedump is a publicly-available tool that program extracts cached password hashes from a system’s registry. (Citation: Mandiant APT1)

Aliases: Cachedump","[{'url': 'https://attack.mitre.org/wiki/Software/S0119', 'source_name': 'mitre-attack', 'external_id': 'S0119'}, {'description': 'Mandiant. (n.d.). APT1 Exposing One of China’s Cyber Espionage Units. Retrieved July 18, 2016.', 'source_name': 'Mandiant APT1', 'url': 'https://www.fireeye.com/content/dam/fireeye-www/services/pdfs/mandiant-apt1-report.pdf'}]","['marking-definition--fa42a846-8d90-4e51-bc29-71d5b4802168']","identity--c78cb6e5-0c4b-4611-8297-d1b8b55e40b5","['Cachedump']","2.1","2.1.0","['enterprise-attack']","identity--c78cb6e5-0c4b-4611-8297-d1b8b55e40b5","1.0",""
"tool","tool--aafea02e-ece5-4bb2-91a6-3bf8c7f38a39","2017-12-14T16:46:06.044Z","2018-04-18T17:59:24.739Z","Cobalt Strike","Cobalt Strike is a commercial, full-featured, penetration testing tool which bills itself as “adversary simulation software designed to execute targeted attacks and emulate the post-exploitation actions of advanced threat actors”.  Cobalt Strike’s interactive post-exploit capabilities cover the full range of ATT&CK tactics, all executed within a single, integrated system. (Citation: cobaltstrike manual)

In addition to its own capabilities, Cobalt Strike leverages the capabilities of other well-known tools such as Metasploit and Mimikatz. (Citation: cobaltstrike manual)

Aliases: Cobalt Strike

Contributors: Josh Abraham","[{'url': 'https://attack.mitre.org/wiki/Software/S0154', 'source_name': 'mitre-attack', 'external_id': 'S0154'}, {'description': 'Strategic Cyber LLC. (2017, March 14). Cobalt Strike Manual. Retrieved May 24, 2017.', 'source_name': 'cobaltstrike manual', 'url': 'https://cobaltstrike.com/downloads/csmanual38.pdf'}]","['marking-definition--fa42a846-8d90-4e51-bc29-71d5b4802168']","identity--c78cb6e5-0c4b-4611-8297-d1b8b55e40b5","['Cobalt Strike']","2.1","2.1.0","['enterprise-attack']","identity--c78cb6e5-0c4b-4611-8297-d1b8b55e40b5","1.0","['Josh Abraham']"
"tool","tool--cf23bf4a-e003-4116-bbae-1ea6c558d565","2017-05-31T21:33:00.565Z","2018-01-17T12:56:55.080Z","FTP","FTP is a utility commonly available with operating systems to transfer information over the File Transfer Protocol (FTP). Adversaries can use it to transfer other tools onto a system or to exfiltrate data. (Citation: Wikipedia FTP)

Aliases: FTP, ftp.exe","[{'url': 'https://attack.mitre.org/wiki/Software/S0095', 'source_name': 'mitre-attack', 'external_id': 'S0095'}, {'description': 'Wikipedia. (2016, June 15). File Transfer Protocol. Retrieved July 20, 2016.', 'source_name': 'Wikipedia FTP', 'url': 'https://en.wikipedia.org/wiki/File%20Transfer%20Protocol'}]","['marking-definition--fa42a846-8d90-4e51-bc29-71d5b4802168']","identity--c78cb6e5-0c4b-4611-8297-d1b8b55e40b5","['FTP', 'ftp.exe']","2.1","2.1.0","['enterprise-attack']","identity--c78cb6e5-0c4b-4611-8297-d1b8b55e40b5","1.0",""
"tool","tool--4f45dfeb-fe51-4df0-8db3-edf7dd0513fe","2017-05-31T21:33:10.569Z","2018-01-17T12:56:55.080Z","Fgdump","Fgdump is a Windows password hash dumper. (Citation: Mandiant APT1)

Aliases: Fgdump","[{'url': 'https://attack.mitre.org/wiki/Software/S0120', 'source_name': 'mitre-attack', 'external_id': 'S0120'}, {'description': 'Mandiant. (n.d.). APT1 Exposing One of China’s Cyber Espionage Units. Retrieved July 18, 2016.', 'source_name': 'Mandiant APT1', 'url': 'https://www.fireeye.com/content/dam/fireeye-www/services/pdfs/mandiant-apt1-report.pdf'}]","['marking-definition--fa42a846-8d90-4e51-bc29-71d5b4802168']","identity--c78cb6e5-0c4b-4611-8297-d1b8b55e40b5","['Fgdump']","2.1","2.1.0","['enterprise-attack']","identity--c78cb6e5-0c4b-4611-8297-d1b8b55e40b5","1.0",""
"tool","tool--90ec2b22-7061-4469-b539-0989ec4f96c2","2018-04-18T17:59:24.739Z","2018-04-18T17:59:24.739Z","Forfiles","Forfiles is a Windows utility commonly used in batch jobs to execute commands on one or more selected files or directories (ex: list all directories in a drive, read the first line of all files created yesterday, etc.). Forfiles can be executed from either the command line, Run window, or batch files/scripts.  (Citation: Microsoft Forfiles Aug 2016)

Aliases: Forfiles

Contributors: Matthew Demaske, Adaptforward","[{'url': 'https://attack.mitre.org/wiki/Software/S0193', 'source_name': 'mitre-attack', 'external_id': 'S0193'}, {'description': 'Microsoft. (2016, August 31). Forfiles. Retrieved January 22, 2018.', 'source_name': 'Microsoft Forfiles Aug 2016', 'url': 'https://docs.microsoft.com/previous-versions/windows/it-pro/windows-server-2012-R2-and-2012/cc753551(v=ws.11)'}]","['marking-definition--fa42a846-8d90-4e51-bc29-71d5b4802168']","identity--c78cb6e5-0c4b-4611-8297-d1b8b55e40b5","['Forfiles']","2.1","2.1.0","['enterprise-attack']","identity--c78cb6e5-0c4b-4611-8297-d1b8b55e40b5","1.0","['Matthew Demaske, Adaptforward']"
"tool","tool--d5e96a35-7b0b-4c6a-9533-d63ecbda563e","2017-05-31T21:32:32.011Z","2018-01-17T12:56:55.080Z","HTRAN","HTRAN is a tool that proxies connections through intermediate hops and aids users in disguising their true geographical location. It can be used by adversaries to hide their location when interacting with the victim networks.  (Citation: Operation Quantum Entanglement)

Aliases: HTRAN, HUC Packet Transmit Tool","[{'url': 'https://attack.mitre.org/wiki/Software/S0040', 'source_name': 'mitre-attack', 'external_id': 'S0040'}, {'description': 'Haq, T., Moran, N., Vashisht, S., Scott, M. (2014, September). OPERATION QUANTUM ENTANGLEMENT. Retrieved November 4, 2015.', 'source_name': 'Operation Quantum Entanglement', 'url': 'https://www.fireeye.com/content/dam/fireeye-www/global/en/current-threats/pdfs/wp-operation-quantum-entanglement.pdf'}]","['marking-definition--fa42a846-8d90-4e51-bc29-71d5b4802168']","identity--c78cb6e5-0c4b-4611-8297-d1b8b55e40b5","['HTRAN', 'HUC Packet Transmit Tool']","2.1","2.1.0","['enterprise-attack']","identity--c78cb6e5-0c4b-4611-8297-d1b8b55e40b5","1.0",""
"tool","tool--fbd727ea-c0dc-42a9-8448-9e12962d1ab5","2018-04-18T17:59:24.739Z","2018-04-18T17:59:24.739Z","Havij","Havij is an automatic SQL Injection tool distributed by the Iranian ITSecTeam security company. Havij has been used by penetration testers and adversaries. (Citation: Check Point Havij Analysis)

Aliases: Havij","[{'url': 'https://attack.mitre.org/wiki/Software/S0224', 'source_name': 'mitre-attack', 'external_id': 'S0224'}, {'description': 'Ganani, M. (2015, May 14). Analysis of the Havij SQL Injection tool. Retrieved March 19, 2018.', 'source_name': 'Check Point Havij Analysis', 'url': 'https://blog.checkpoint.com/2015/05/14/analysis-havij-sql-injection-tool/'}]","['marking-definition--fa42a846-8d90-4e51-bc29-71d5b4802168']","identity--c78cb6e5-0c4b-4611-8297-d1b8b55e40b5","['Havij']","2.1","2.1.0","['enterprise-attack']","identity--c78cb6e5-0c4b-4611-8297-d1b8b55e40b5","1.0",""
"tool","tool--b52d6583-14a2-4ddc-8527-87fd2142558f","2018-04-18T17:59:24.739Z","2018-04-18T17:59:24.739Z","Invoke-PSImage","Invoke-PSImage takes a PowerShell script and embeds the bytes of the script into the pixels of a PNG image. It generates a one liner for executing either from a file of from the web. Example of usage is embedding the PowerShell code from the Invoke-Mimikatz module and embed it into an image file. By calling the image file from a macro for example, the macro will download the picture and execute the PowerShell code, which in this case will dump the passwords. (Citation: GitHub Invoke-PSImage)

Aliases: Invoke-PSImage

Contributors: Christiaan Beek, @ChristiaanBeek","[{'url': 'https://attack.mitre.org/wiki/Software/S0231', 'source_name': 'mitre-attack', 'external_id': 'S0231'}, {'description': 'Adams, B. (2017, December 17). Invoke-PSImage. Retrieved April 10, 2018.', 'source_name': 'GitHub Invoke-PSImage', 'url': 'https://github.com/peewpw/Invoke-PSImage'}]","['marking-definition--fa42a846-8d90-4e51-bc29-71d5b4802168']","identity--c78cb6e5-0c4b-4611-8297-d1b8b55e40b5","['Invoke-PSImage']","2.1","2.1.0","['enterprise-attack']","identity--c78cb6e5-0c4b-4611-8297-d1b8b55e40b5","1.0","['Christiaan Beek, @ChristiaanBeek']"
"tool","tool--2fab555f-7664-4623-b4e0-1675ae38190b","2017-05-31T21:33:10.962Z","2018-01-17T12:56:55.080Z","Lslsass","Lslsass is a publicly-available tool that can dump active logon session password hashes from the lsass process. (Citation: Mandiant APT1)

Aliases: Lslsass","[{'url': 'https://attack.mitre.org/wiki/Software/S0121', 'source_name': 'mitre-attack', 'external_id': 'S0121'}, {'description': 'Mandiant. (n.d.). APT1 Exposing One of China’s Cyber Espionage Units. Retrieved July 18, 2016.', 'source_name': 'Mandiant APT1', 'url': 'https://www.fireeye.com/content/dam/fireeye-www/services/pdfs/mandiant-apt1-report.pdf'}]","['marking-definition--fa42a846-8d90-4e51-bc29-71d5b4802168']","identity--c78cb6e5-0c4b-4611-8297-d1b8b55e40b5","['Lslsass']","2.1","2.1.0","['enterprise-attack']","identity--c78cb6e5-0c4b-4611-8297-d1b8b55e40b5","1.0",""
"tool","tool--5a33468d-844d-4b1f-98c9-0e786c556b27","2018-01-16T16:13:52.465Z","2018-04-18T17:59:24.739Z","MimiPenguin","MimiPenguin is a credential dumper, similar to Mimikatz, designed specifically for Linux platforms. (Citation: MimiPenguin GitHub May 2017)

Aliases: MimiPenguin

Contributors: Vincent Le Toux","[{'url': 'https://attack.mitre.org/wiki/Software/S0179', 'source_name': 'mitre-attack', 'external_id': 'S0179'}, {'description': 'Gregal, H. (2017, May 12). MimiPenguin. Retrieved December 5, 2017.', 'source_name': 'MimiPenguin GitHub May 2017', 'url': 'https://github.com/huntergregal/mimipenguin'}]","['marking-definition--fa42a846-8d90-4e51-bc29-71d5b4802168']","identity--c78cb6e5-0c4b-4611-8297-d1b8b55e40b5","['MimiPenguin']","2.1","2.1.0","['enterprise-attack']","identity--c78cb6e5-0c4b-4611-8297-d1b8b55e40b5","1.0","['Vincent Le Toux']"
"tool","tool--afc079f3-c0ea-4096-b75d-3f05338b7f60","2017-05-31T21:32:11.544Z","2018-04-18T17:59:24.739Z","Mimikatz","Mimikatz is a credential dumper capable of obtaining plaintext Windows account logins and passwords, along with many other features that make it useful for testing the security of networks. (Citation: Deply Mimikatz) (Citation: Adsecurity Mimikatz Guide)

Aliases: Mimikatz

Contributors: Vincent Le Toux","[{'url': 'https://attack.mitre.org/wiki/Software/S0002', 'source_name': 'mitre-attack', 'external_id': 'S0002'}, {'description': 'Deply, B. (n.d.). Mimikatz. Retrieved September 29, 2015.', 'source_name': 'Deply Mimikatz', 'url': 'https://github.com/gentilkiwi/mimikatz'}, {'description': 'Metcalf, S. (2015, November 13). Unofficial Guide to Mimikatz & Command Reference. Retrieved December 23, 2015.', 'source_name': 'Adsecurity Mimikatz Guide', 'url': 'https://adsecurity.org/?page%20id=1821'}]","['marking-definition--fa42a846-8d90-4e51-bc29-71d5b4802168']","identity--c78cb6e5-0c4b-4611-8297-d1b8b55e40b5","['Mimikatz']","2.1","2.1.0","['enterprise-attack']","identity--c78cb6e5-0c4b-4611-8297-d1b8b55e40b5","1.0","['Vincent Le Toux']"
"tool","tool--03342581-f790-4f03-ba41-e82e67392e23","2017-05-31T21:32:31.601Z","2018-04-18T17:59:24.739Z","Net","The Net utility is a component of the Windows operating system. It is used in command-line operations for control of users, groups, services, and network connections. (Citation: Microsoft Net Utility)

Net has a great deal of functionality, (Citation: Savill 1999) much of which is useful for an adversary, such as gathering system and network information for Discovery, moving laterally through Windows admin shares using `net use` commands, and interacting with services.

Aliases: Net, net.exe","[{'url': 'https://attack.mitre.org/wiki/Software/S0039', 'source_name': 'mitre-attack', 'external_id': 'S0039'}, {'description': 'Microsoft. (2006, October 18). Net.exe Utility. Retrieved September 22, 2015.', 'source_name': 'Microsoft Net Utility', 'url': 'https://msdn.microsoft.com/en-us/library/aa939914'}, {'description': 'Savill, J. (1999, March 4). Net.exe reference. Retrieved September 22, 2015.', 'source_name': 'Savill 1999', 'url': 'http://windowsitpro.com/windows/netexe-reference'}]","['marking-definition--fa42a846-8d90-4e51-bc29-71d5b4802168']","identity--c78cb6e5-0c4b-4611-8297-d1b8b55e40b5","['Net', 'net.exe']","2.1","2.1.0","['enterprise-attack']","identity--c78cb6e5-0c4b-4611-8297-d1b8b55e40b5","1.0",""
"tool","tool--a52edc76-328d-4596-85e7-d56ef5a9eb69","2017-05-31T21:33:11.426Z","2018-01-17T12:56:55.080Z","Pass-The-Hash Toolkit","Pass-The-Hash Toolkit is a toolkit that allows an adversary to ""pass"" a password hash (without knowing the original password) to log in to systems. (Citation: Mandiant APT1)

Aliases: Pass-The-Hash Toolkit","[{'url': 'https://attack.mitre.org/wiki/Software/S0122', 'source_name': 'mitre-attack', 'external_id': 'S0122'}, {'description': 'Mandiant. (n.d.). APT1 Exposing One of China’s Cyber Espionage Units. Retrieved July 18, 2016.', 'source_name': 'Mandiant APT1', 'url': 'https://www.fireeye.com/content/dam/fireeye-www/services/pdfs/mandiant-apt1-report.pdf'}]","['marking-definition--fa42a846-8d90-4e51-bc29-71d5b4802168']","identity--c78cb6e5-0c4b-4611-8297-d1b8b55e40b5","['Pass-The-Hash Toolkit']","2.1","2.1.0","['enterprise-attack']","identity--c78cb6e5-0c4b-4611-8297-d1b8b55e40b5","1.0",""
"tool","tool--b77b563c-34bb-4fb8-86a3-3694338f7b47","2017-05-31T21:33:01.483Z","2018-01-17T12:56:55.080Z","Ping","Ping is an operating system utility commonly used to troubleshoot and verify network connections. (Citation: TechNet Ping)

Aliases: Ping, ping.exe","[{'url': 'https://attack.mitre.org/wiki/Software/S0097', 'source_name': 'mitre-attack', 'external_id': 'S0097'}, {'description': 'Microsoft. (n.d.). Ping. Retrieved April 8, 2016.', 'source_name': 'TechNet Ping', 'url': 'https://technet.microsoft.com/en-us/library/bb490968.aspx'}]","['marking-definition--fa42a846-8d90-4e51-bc29-71d5b4802168']","identity--c78cb6e5-0c4b-4611-8297-d1b8b55e40b5","['Ping', 'ping.exe']","2.1","2.1.0","['enterprise-attack']","identity--c78cb6e5-0c4b-4611-8297-d1b8b55e40b5","1.0",""
"tool","tool--13cd9151-83b7-410d-9f98-25d0f0d1d80d","2018-04-18T17:59:24.739Z","2018-04-18T17:59:24.739Z","PowerSploit","PowerSploit is an open source, offensive security framework compromised of PowerShell modules and scripts that perform a wide range of tasks related to penetration testing such as code execution, persistence, bypassing anti-virus, recon, and exfiltration. (Citation: GitHub PowerSploit May 2012) (Citation: PowerShellMagazine PowerSploit July 2014) (Citation: PowerSploit Documentation)

Aliases: PowerSploit","[{'url': 'https://attack.mitre.org/wiki/Software/S0194', 'source_name': 'mitre-attack', 'external_id': 'S0194'}, {'description': 'PowerShellMafia. (2012, May 26). PowerSploit - A PowerShell Post-Exploitation Framework. Retrieved February 6, 2018.', 'source_name': 'GitHub PowerSploit May 2012', 'url': 'https://github.com/PowerShellMafia/PowerSploit'}, {'description': 'Graeber, M. (2014, July 8). PowerSploit. Retrieved February 6, 2018.', 'source_name': 'PowerShellMagazine PowerSploit July 2014', 'url': 'http://www.powershellmagazine.com/2014/07/08/powersploit/'}, {'description': 'PowerSploit. (n.d.). PowerSploit. Retrieved February 6, 2018.', 'source_name': 'PowerSploit Documentation', 'url': 'http://powersploit.readthedocs.io'}]","['marking-definition--fa42a846-8d90-4e51-bc29-71d5b4802168']","identity--c78cb6e5-0c4b-4611-8297-d1b8b55e40b5","['PowerSploit']","2.1","2.1.0","['enterprise-attack']","identity--c78cb6e5-0c4b-4611-8297-d1b8b55e40b5","1.0",""
"tool","tool--ff6caf67-ea1f-4895-b80e-4bb0fc31c6db","2017-05-31T21:32:21.771Z","2018-01-17T12:56:55.080Z","PsExec","PsExec is a free Microsoft tool that can be used to execute a program on another computer. It is used by IT administrators and attackers. (Citation: Russinovich Sysinternals) (Citation: SANS PsExec)

Aliases: PsExec","[{'url': 'https://attack.mitre.org/wiki/Software/S0029', 'source_name': 'mitre-attack', 'external_id': 'S0029'}, {'description': 'Russinovich, M. (2014, May 2). Windows Sysinternals PsExec v2.11. Retrieved May 13, 2015.', 'source_name': 'Russinovich Sysinternals', 'url': 'https://technet.microsoft.com/en-us/sysinternals/bb897553.aspx'}, {'description': 'Pilkington, M.. (2012, December 17). Protecting Privileged Domain Accounts: PsExec Deep-Dive. Retrieved August 17, 2016.', 'source_name': 'SANS PsExec', 'url': 'https://digital-forensics.sans.org/blog/2012/12/17/protecting-privileged-domain-accounts-psexec-deep-dive'}]","['marking-definition--fa42a846-8d90-4e51-bc29-71d5b4802168']","identity--c78cb6e5-0c4b-4611-8297-d1b8b55e40b5","['PsExec']","2.1","2.1.0","['enterprise-attack']","identity--c78cb6e5-0c4b-4611-8297-d1b8b55e40b5","1.0",""
"tool","tool--cb69b20d-56d0-41ab-8440-4a4b251614d4","2018-04-18T17:59:24.739Z","2018-04-18T17:59:24.739Z","Pupy","Pupy is an open source, cross-platform (Windows, Linux, OSX, Android) remote administration and post-exploitation tool.  (Citation: GitHub Pupy) It is written in Python and can be generated as a payload in several different ways (Windows exe, Python file, PowerShell oneliner/file, Linux elf, APK, Rubber Ducky, etc.). (Citation: GitHub Pupy) Pupy is publicly available on GitHub.  (Citation: GitHub Pupy)

Aliases: Pupy","[{'url': 'https://attack.mitre.org/wiki/Software/S0192', 'source_name': 'mitre-attack', 'external_id': 'S0192'}, {'description': 'Nicolas Verdier. (n.d.).  Retrieved January 29, 2018.', 'source_name': 'GitHub Pupy', 'url': 'https://github.com/n1nj4sec/pupy'}]","['marking-definition--fa42a846-8d90-4e51-bc29-71d5b4802168']","identity--c78cb6e5-0c4b-4611-8297-d1b8b55e40b5","['Pupy']","2.1","2.1.0","['enterprise-attack']","identity--c78cb6e5-0c4b-4611-8297-d1b8b55e40b5","1.0",""
"tool","tool--cde2d700-9ed1-46cf-9bce-07364fe8b24f","2017-05-31T21:32:49.000Z","2018-04-18T17:59:24.739Z","Reg","Reg is a Windows utility used to interact with the Windows Registry. It can be used at the command-line interface to query, add, modify, and remove information. (Citation: Microsoft Reg)

Utilities such as Reg are known to be used by persistent threats. (Citation: Windows Commands JPCERT)

Aliases: Reg, reg.exe","[{'url': 'https://attack.mitre.org/wiki/Software/S0075', 'source_name': 'mitre-attack', 'external_id': 'S0075'}, {'description': 'Microsoft. (2012, April 17). Reg. Retrieved May 1, 2015.', 'source_name': 'Microsoft Reg', 'url': 'https://technet.microsoft.com/en-us/library/cc732643.aspx'}, {'description': 'Tomonaga, S. (2016, January 26). Windows Commands Abused by Attackers. Retrieved February 2, 2016.', 'source_name': 'Windows Commands JPCERT', 'url': 'http://blog.jpcert.or.jp/2016/01/windows-commands-abused-by-attackers.html'}]","['marking-definition--fa42a846-8d90-4e51-bc29-71d5b4802168']","identity--c78cb6e5-0c4b-4611-8297-d1b8b55e40b5","['Reg', 'reg.exe']","2.1","2.1.0","['enterprise-attack']","identity--c78cb6e5-0c4b-4611-8297-d1b8b55e40b5","1.0",""
"tool","tool--a1dd2dbd-1550-44bf-abcc-1a4c52e97719","2018-01-16T16:13:52.465Z","2018-01-17T12:56:55.080Z","Responder","Responder is an open source tool used for LLMNR, NBT-NS and MDNS poisoning, with built-in HTTP/SMB/MSSQL/FTP/LDAP rogue authentication server supporting NTLMv1/NTLMv2/LMv2, Extended Security NTLMSSP and Basic HTTP authentication. (Citation: GitHub Responder)

Aliases: Responder","[{'url': 'https://attack.mitre.org/wiki/Software/S0174', 'source_name': 'mitre-attack', 'external_id': 'S0174'}, {'description': 'Gaffie, L. (2016, August 25). Responder. Retrieved November 17, 2017.', 'source_name': 'GitHub Responder', 'url': 'https://github.com/SpiderLabs/Responder'}]","['marking-definition--fa42a846-8d90-4e51-bc29-71d5b4802168']","identity--c78cb6e5-0c4b-4611-8297-d1b8b55e40b5","['Responder']","2.1","2.1.0","['enterprise-attack']","identity--c78cb6e5-0c4b-4611-8297-d1b8b55e40b5","1.0",""
"tool","tool--d8d19e33-94fd-4aa3-b94a-08ee801a2153","2018-04-18T17:59:24.739Z","2018-04-18T17:59:24.739Z","SDelete","is an application that securely deletes data in a way that makes it unrecoverable. It is part of the Microsoft Sysinternals suite of tools. (Citation: Microsoft SDelete July 2016)

Aliases: SDelete","[{'url': 'https://attack.mitre.org/wiki/Software/S0195', 'source_name': 'mitre-attack', 'external_id': 'S0195'}, {'description': 'Russinovich, M. (2016, July 4). SDelete v2.0. Retrieved February 8, 2018.', 'source_name': 'Microsoft SDelete July 2016', 'url': 'https://docs.microsoft.com/en-us/sysinternals/downloads/sdelete'}]","['marking-definition--fa42a846-8d90-4e51-bc29-71d5b4802168']","identity--c78cb6e5-0c4b-4611-8297-d1b8b55e40b5","['SDelete']","2.1","2.1.0","['enterprise-attack']","identity--c78cb6e5-0c4b-4611-8297-d1b8b55e40b5","1.0",""
"tool","tool--7fcbc4e8-1989-441f-9ac5-e7b6ff5806f1","2017-05-31T21:33:00.969Z","2018-01-17T12:56:55.080Z","Systeminfo","Systeminfo is a Windows utility that can be used to gather detailed information about a computer. (Citation: TechNet Systeminfo)

Aliases: Systeminfo, systeminfo.exe","[{'url': 'https://attack.mitre.org/wiki/Software/S0096', 'source_name': 'mitre-attack', 'external_id': 'S0096'}, {'description': 'Microsoft. (n.d.). Systeminfo. Retrieved April 8, 2016.', 'source_name': 'TechNet Systeminfo', 'url': 'https://technet.microsoft.com/en-us/library/bb491007.aspx'}]","['marking-definition--fa42a846-8d90-4e51-bc29-71d5b4802168']","identity--c78cb6e5-0c4b-4611-8297-d1b8b55e40b5","['Systeminfo', 'systeminfo.exe']","2.1","2.1.0","['enterprise-attack']","identity--c78cb6e5-0c4b-4611-8297-d1b8b55e40b5","1.0",""
"tool","tool--2e45723a-31da-4a7e-aaa6-e01998a6788f","2017-05-31T21:32:39.233Z","2018-01-17T12:56:55.080Z","Tasklist","The Tasklist utility displays a list of applications and services with their Process IDs (PID) for all tasks running on either a local or a remote computer. It is packaged with Windows operating systems and can be executed from the command-line interface. (Citation: Microsoft Tasklist)

Aliases: Tasklist","[{'url': 'https://attack.mitre.org/wiki/Software/S0057', 'source_name': 'mitre-attack', 'external_id': 'S0057'}, {'description': 'Microsoft. (n.d.). Tasklist. Retrieved December 23, 2015.', 'source_name': 'Microsoft Tasklist', 'url': 'https://technet.microsoft.com/en-us/library/bb491010.aspx'}]","['marking-definition--fa42a846-8d90-4e51-bc29-71d5b4802168']","identity--c78cb6e5-0c4b-4611-8297-d1b8b55e40b5","['Tasklist']","2.1","2.1.0","['enterprise-attack']","identity--c78cb6e5-0c4b-4611-8297-d1b8b55e40b5","1.0",""
"tool","tool--ed7d0cb1-87a6-43b4-9f46-ef1bc56d6c68","2018-01-16T16:13:52.465Z","2018-01-17T12:56:55.080Z","Tor","Tor is a software suite and network that provides increased anonymity on the Internet. It creates a multi-hop proxy network and utilizes multilayer encryption to protect both the message and routing information. Tor utilizes ""Onion Routing,"" in which messages are encrypted with multiple layers of encryption; at each step in the proxy network, the topmost layer is decrypted and the contents forwarded on to the next node until it reaches its destination. (Citation: Dingledine Tor The Second-Generation Onion Router)

Aliases: Tor","[{'url': 'https://attack.mitre.org/wiki/Software/S0183', 'source_name': 'mitre-attack', 'external_id': 'S0183'}, {'description': 'Roger Dingledine, Nick Mathewson and Paul Syverson. (2004). Tor: The Second-Generation Onion Router. Retrieved December 21, 2017.', 'source_name': 'Dingledine Tor The Second-Generation Onion Router', 'url': 'http://www.dtic.mil/dtic/tr/fulltext/u2/a465464.pdf'}]","['marking-definition--fa42a846-8d90-4e51-bc29-71d5b4802168']","identity--c78cb6e5-0c4b-4611-8297-d1b8b55e40b5","['Tor']","2.1","2.1.0","['enterprise-attack']","identity--c78cb6e5-0c4b-4611-8297-d1b8b55e40b5","1.0",""
"tool","tool--102c3898-85e0-43ee-ae28-62a0a3ed9507","2017-05-31T21:33:09.047Z","2018-01-17T12:56:55.080Z","UACMe","UACMe is an open source assessment tool that contains many methods for bypassing Windows User Account Control on multiple versions of the operating system. (Citation: Github UACMe)

Aliases: UACMe","[{'url': 'https://attack.mitre.org/wiki/Software/S0116', 'source_name': 'mitre-attack', 'external_id': 'S0116'}, {'description': 'UACME Project. (2016, June 16). UACMe. Retrieved July 26, 2016.', 'source_name': 'Github UACMe', 'url': 'https://github.com/hfiref0x/UACME'}]","['marking-definition--fa42a846-8d90-4e51-bc29-71d5b4802168']","identity--c78cb6e5-0c4b-4611-8297-d1b8b55e40b5","['UACMe']","2.1","2.1.0","['enterprise-attack']","identity--c78cb6e5-0c4b-4611-8297-d1b8b55e40b5","1.0",""
"tool","tool--242f3da3-4425-4d11-8f5c-b842886da966","2017-05-31T21:32:12.684Z","2018-01-17T12:56:55.080Z","Windows Credential Editor","Windows Credential Editor is a password dumping tool. (Citation: Amplia WCE)

Aliases: Windows Credential Editor, WCE","[{'url': 'https://attack.mitre.org/wiki/Software/S0005', 'source_name': 'mitre-attack', 'external_id': 'S0005'}, {'description': 'Amplia Security. (n.d.). Windows Credentials Editor (WCE) F.A.Q.. Retrieved December 17, 2015.', 'source_name': 'Amplia WCE', 'url': 'http://www.ampliasecurity.com/research/wcefaq.html'}]","['marking-definition--fa42a846-8d90-4e51-bc29-71d5b4802168']","identity--c78cb6e5-0c4b-4611-8297-d1b8b55e40b5","['Windows Credential Editor', 'WCE']","2.1","2.1.0","['enterprise-attack']","identity--c78cb6e5-0c4b-4611-8297-d1b8b55e40b5","1.0",""
"tool","tool--96fd6cc4-a693-4118-83ec-619e5352d07d","2018-04-18T17:59:24.739Z","2018-04-18T17:59:24.739Z","Winexe","is a lightweight, open source tool similar to PsExec designed to allow system administrators to execute commands on remote servers. (Citation: Winexe Github Sept 2013)  is unique in that it is a GNU/Linux based client. (Citation: Überwachung APT28 Forfiles June 2015)

Aliases: Winexe","[{'url': 'https://attack.mitre.org/wiki/Software/S0191', 'source_name': 'mitre-attack', 'external_id': 'S0191'}, {'description': 'Skalkotos, N. (2013, September 20). WinExe. Retrieved January 22, 2018.', 'source_name': 'Winexe Github Sept 2013', 'url': 'https://github.com/skalkoto/winexe/'}, {'description': 'Guarnieri, C. (2015, June 19). Digital Attack on German Parliament: Investigative Report on the Hack of the Left Party Infrastructure in Bundestag. Retrieved January 22, 2018.', 'source_name': 'Überwachung APT28 Forfiles June 2015', 'url': 'https://netzpolitik.org/2015/digital-attack-on-german-parliament-investigative-report-on-the-hack-of-the-left-party-infrastructure-in-bundestag/'}]","['marking-definition--fa42a846-8d90-4e51-bc29-71d5b4802168']","identity--c78cb6e5-0c4b-4611-8297-d1b8b55e40b5","['Winexe']","2.1","2.1.0","['enterprise-attack']","identity--c78cb6e5-0c4b-4611-8297-d1b8b55e40b5","1.0",""
"tool","tool--0c8465c0-d0b4-4670-992e-4eee8d7ff952","2017-05-31T21:33:06.824Z","2018-01-17T12:56:55.080Z","at","at is used to schedule tasks on a system to run at a specified date or time. (Citation: TechNet At)

Aliases: at, at.exe","[{'url': 'https://attack.mitre.org/wiki/Software/S0110', 'source_name': 'mitre-attack', 'external_id': 'S0110'}, {'description': 'Microsoft. (n.d.). At. Retrieved April 28, 2016.', 'source_name': 'TechNet At', 'url': 'https://technet.microsoft.com/en-us/library/bb490866.aspx'}]","['marking-definition--fa42a846-8d90-4e51-bc29-71d5b4802168']","identity--c78cb6e5-0c4b-4611-8297-d1b8b55e40b5","['at', 'at.exe']","2.1","2.1.0","['enterprise-attack']","identity--c78cb6e5-0c4b-4611-8297-d1b8b55e40b5","1.0",""
"tool","tool--0a68f1f1-da74-4d28-8d9a-696c082706cc","2017-12-14T16:46:06.044Z","2018-01-17T12:56:55.080Z","certutil","Certutil is a command-line utility that can be used to obtain certificate authority information and configure Certificate Services. (Citation: TechNet Certutil)

Aliases: certutil, certutil.exe","[{'url': 'https://attack.mitre.org/wiki/Software/S0160', 'source_name': 'mitre-attack', 'external_id': 'S0160'}, {'description': 'Microsoft. (2012, November 14). Certutil. Retrieved July 3, 2017.', 'source_name': 'TechNet Certutil', 'url': 'https://technet.microsoft.com/library/cc732443.aspx'}]","['marking-definition--fa42a846-8d90-4e51-bc29-71d5b4802168']","identity--c78cb6e5-0c4b-4611-8297-d1b8b55e40b5","['certutil', 'certutil.exe']","2.1","2.1.0","['enterprise-attack']","identity--c78cb6e5-0c4b-4611-8297-d1b8b55e40b5","1.0",""
"tool","tool--bba595da-b73a-4354-aa6c-224d4de7cb4e","2017-05-31T21:33:05.319Z","2018-01-17T12:56:55.080Z","cmd","cmd is the Windows command-line interpreter that can be used to interact with systems and execute other processes and utilities. (Citation: TechNet Cmd)

Cmd.exe contains native functionality to perform many operations to interact with the system, including listing files in a directory (e.g., `dir` (Citation: TechNet Dir)), deleting files (e.g., `del` (Citation: TechNet Del)), and copying files (e.g., `copy` (Citation: TechNet Copy)).

Aliases: cmd, cmd.exe","[{'url': 'https://attack.mitre.org/wiki/Software/S0106', 'source_name': 'mitre-attack', 'external_id': 'S0106'}, {'description': 'Microsoft. (n.d.). Cmd. Retrieved April 18, 2016.', 'source_name': 'TechNet Cmd', 'url': 'https://technet.microsoft.com/en-us/library/bb490880.aspx'}, {'description': 'Microsoft. (n.d.). Dir. Retrieved April 18, 2016.', 'source_name': 'TechNet Dir', 'url': 'https://technet.microsoft.com/en-us/library/cc755121.aspx'}, {'description': 'Microsoft. (n.d.). Del. Retrieved April 22, 2016.', 'source_name': 'TechNet Del', 'url': 'https://technet.microsoft.com/en-us/library/cc771049.aspx'}, {'description': 'Microsoft. (n.d.). Copy. Retrieved April 26, 2016.', 'source_name': 'TechNet Copy', 'url': 'https://technet.microsoft.com/en-us/library/bb490886.aspx'}]","['marking-definition--fa42a846-8d90-4e51-bc29-71d5b4802168']","identity--c78cb6e5-0c4b-4611-8297-d1b8b55e40b5","['cmd', 'cmd.exe']","2.1","2.1.0","['enterprise-attack']","identity--c78cb6e5-0c4b-4611-8297-d1b8b55e40b5","1.0",""
"tool","tool--38952eac-cb1b-4a71-bad2-ee8223a1c8fe","2017-05-31T21:33:04.937Z","2018-01-17T12:56:55.080Z","dsquery","dsquery is a command-line utility that can be used to query Active Directory for information from a system within a domain. (Citation: TechNet Dsquery) It is typically installed only on Windows Server versions but can be installed on non-server variants through the Microsoft-provided Remote Server Administration Tools bundle.

Aliases: dsquery, dsquery.exe","[{'url': 'https://attack.mitre.org/wiki/Software/S0105', 'source_name': 'mitre-attack', 'external_id': 'S0105'}, {'description': 'Microsoft. (n.d.). Dsquery. Retrieved April 18, 2016.', 'source_name': 'TechNet Dsquery', 'url': 'https://technet.microsoft.com/en-us/library/cc732952.aspx'}]","['marking-definition--fa42a846-8d90-4e51-bc29-71d5b4802168']","identity--c78cb6e5-0c4b-4611-8297-d1b8b55e40b5","['dsquery', 'dsquery.exe']","2.1","2.1.0","['enterprise-attack']","identity--c78cb6e5-0c4b-4611-8297-d1b8b55e40b5","1.0",""
"tool","tool--b07c2c47-fefb-4d7c-a69e-6a3296171f54","2017-05-31T21:32:13.755Z","2018-01-17T12:56:55.080Z","gsecdump","gsecdump is a publicly-available credential dumper used to obtain password hashes and LSA secrets from Windows operating systems. (Citation: TrueSec Gsecdump)

Aliases: gsecdump","[{'url': 'https://attack.mitre.org/wiki/Software/S0008', 'source_name': 'mitre-attack', 'external_id': 'S0008'}, {'description': 'TrueSec. (n.d.). gsecdump v2.0b5. Retrieved September 29, 2015.', 'source_name': 'TrueSec Gsecdump', 'url': 'https://www.truesec.se/sakerhet/verktyg/saakerhet/gsecdump%20v2.0b5'}]","['marking-definition--fa42a846-8d90-4e51-bc29-71d5b4802168']","identity--c78cb6e5-0c4b-4611-8297-d1b8b55e40b5","['gsecdump']","2.1","2.1.0","['enterprise-attack']","identity--c78cb6e5-0c4b-4611-8297-d1b8b55e40b5","1.0",""
"tool","tool--362dc67f-4e85-4562-9dac-1b6b7f3ec4b5","2017-05-31T21:33:03.377Z","2018-01-17T12:56:55.080Z","ifconfig","ifconfig is a Unix-based utility used to gather information about and interact with the TCP/IP settings on a system. (Citation: Wikipedia Ifconfig)

Aliases: ifconfig","[{'url': 'https://attack.mitre.org/wiki/Software/S0101', 'source_name': 'mitre-attack', 'external_id': 'S0101'}, {'description': 'Wikipedia. (2016, January 26). ifconfig. Retrieved April 17, 2016.', 'source_name': 'Wikipedia Ifconfig', 'url': 'https://en.wikipedia.org/wiki/Ifconfig'}]","['marking-definition--fa42a846-8d90-4e51-bc29-71d5b4802168']","identity--c78cb6e5-0c4b-4611-8297-d1b8b55e40b5","['ifconfig']","2.1","2.1.0","['enterprise-attack']","identity--c78cb6e5-0c4b-4611-8297-d1b8b55e40b5","1.0",""
"tool","tool--294e2560-bd48-44b2-9da2-833b5588ad11","2017-05-31T21:33:02.863Z","2018-01-17T12:56:55.080Z","ipconfig","ipconfig is a Windows utility that can be used to find information about a system's TCP/IP, DNS, DHCP, and adapter configuration. (Citation: TechNet Ipconfig)

Aliases: ipconfig, ipconfig.exe","[{'url': 'https://attack.mitre.org/wiki/Software/S0100', 'source_name': 'mitre-attack', 'external_id': 'S0100'}, {'description': 'Microsoft. (n.d.). Ipconfig. Retrieved April 17, 2016.', 'source_name': 'TechNet Ipconfig', 'url': 'https://technet.microsoft.com/en-us/library/bb490921.aspx'}]","['marking-definition--fa42a846-8d90-4e51-bc29-71d5b4802168']","identity--c78cb6e5-0c4b-4611-8297-d1b8b55e40b5","['ipconfig', 'ipconfig.exe']","2.1","2.1.0","['enterprise-attack']","identity--c78cb6e5-0c4b-4611-8297-d1b8b55e40b5","1.0",""
"tool","tool--65370d0b-3bd4-4653-8cf9-daf56f6be830","2018-01-16T16:13:52.465Z","2018-04-18T17:59:24.739Z","meek","meek is an open-source Tor plugin that tunnels Tor traffic through HTTPS connections.

Aliases: meek","[{'url': 'https://attack.mitre.org/wiki/Software/S0175', 'source_name': 'mitre-attack', 'external_id': 'S0175'}]","['marking-definition--fa42a846-8d90-4e51-bc29-71d5b4802168']","identity--c78cb6e5-0c4b-4611-8297-d1b8b55e40b5","['meek']","2.1","2.1.0","['enterprise-attack']","identity--c78cb6e5-0c4b-4611-8297-d1b8b55e40b5","1.0",""
"tool","tool--b35068ec-107a-4266-bda8-eb7036267aea","2017-05-31T21:33:03.773Z","2018-01-17T12:56:55.080Z","nbtstat","nbtstat is a utility used to troubleshoot NetBIOS name resolution. (Citation: TechNet Nbtstat)

Aliases: nbtstat, nbtstat.exe","[{'url': 'https://attack.mitre.org/wiki/Software/S0102', 'source_name': 'mitre-attack', 'external_id': 'S0102'}, {'description': 'Microsoft. (n.d.). Nbtstat. Retrieved April 17, 2016.', 'source_name': 'TechNet Nbtstat', 'url': 'https://technet.microsoft.com/en-us/library/cc940106.aspx'}]","['marking-definition--fa42a846-8d90-4e51-bc29-71d5b4802168']","identity--c78cb6e5-0c4b-4611-8297-d1b8b55e40b5","['nbtstat', 'nbtstat.exe']","2.1","2.1.0","['enterprise-attack']","identity--c78cb6e5-0c4b-4611-8297-d1b8b55e40b5","1.0",""
"tool","tool--5a63f900-5e7e-4928-a746-dd4558e1df71","2017-05-31T21:33:06.083Z","2018-01-17T12:56:55.080Z","netsh","netsh is a scripting utility used to interact with networking components on local or remote systems. (Citation: TechNet Netsh)

Aliases: netsh, netsh.exe","[{'url': 'https://attack.mitre.org/wiki/Software/S0108', 'source_name': 'mitre-attack', 'external_id': 'S0108'}, {'description': 'Microsoft. (n.d.). Using Netsh. Retrieved February 13, 2017.', 'source_name': 'TechNet Netsh', 'url': 'https://technet.microsoft.com/library/bb490939.aspx'}]","['marking-definition--fa42a846-8d90-4e51-bc29-71d5b4802168']","identity--c78cb6e5-0c4b-4611-8297-d1b8b55e40b5","['netsh', 'netsh.exe']","2.1","2.1.0","['enterprise-attack']","identity--c78cb6e5-0c4b-4611-8297-d1b8b55e40b5","1.0",""
"tool","tool--4664b683-f578-434f-919b-1c1aad2a1111","2017-05-31T21:33:04.545Z","2018-01-17T12:56:55.080Z","netstat","netstat is an operating system utility that displays active TCP connections, listening ports, and network statistics. (Citation: TechNet Netstat)

Aliases: netstat, netstat.exe","[{'url': 'https://attack.mitre.org/wiki/Software/S0104', 'source_name': 'mitre-attack', 'external_id': 'S0104'}, {'description': 'Microsoft. (n.d.). Netstat. Retrieved April 17, 2016.', 'source_name': 'TechNet Netstat', 'url': 'https://technet.microsoft.com/en-us/library/bb490947.aspx'}]","['marking-definition--fa42a846-8d90-4e51-bc29-71d5b4802168']","identity--c78cb6e5-0c4b-4611-8297-d1b8b55e40b5","['netstat', 'netstat.exe']","2.1","2.1.0","['enterprise-attack']","identity--c78cb6e5-0c4b-4611-8297-d1b8b55e40b5","1.0",""
"tool","tool--9de2308e-7bed-43a3-8e58-f194b3586700","2017-05-31T21:32:13.051Z","2018-01-17T12:56:55.080Z","pwdump","pwdump is a credential dumper. (Citation: Wikipedia pwdump)

Aliases: pwdump","[{'url': 'https://attack.mitre.org/wiki/Software/S0006', 'source_name': 'mitre-attack', 'external_id': 'S0006'}, {'description': 'Wikipedia. (1985, June 22). pwdump. Retrieved June 22, 2016.', 'source_name': 'Wikipedia pwdump', 'url': 'https://en.wikipedia.org/wiki/Pwdump'}]","['marking-definition--fa42a846-8d90-4e51-bc29-71d5b4802168']","identity--c78cb6e5-0c4b-4611-8297-d1b8b55e40b5","['pwdump']","2.1","2.1.0","['enterprise-attack']","identity--c78cb6e5-0c4b-4611-8297-d1b8b55e40b5","1.0",""
"tool","tool--c11ac61d-50f4-444f-85d8-6f006067f0de","2017-05-31T21:33:04.151Z","2018-01-17T12:56:55.080Z","route","route can be used to find or change information within the local system IP routing table. (Citation: TechNet Route)

Aliases: route, route.exe","[{'url': 'https://attack.mitre.org/wiki/Software/S0103', 'source_name': 'mitre-attack', 'external_id': 'S0103'}, {'description': 'Microsoft. (n.d.). Route. Retrieved April 17, 2016.', 'source_name': 'TechNet Route', 'url': 'https://technet.microsoft.com/en-us/library/bb490991.aspx'}]","['marking-definition--fa42a846-8d90-4e51-bc29-71d5b4802168']","identity--c78cb6e5-0c4b-4611-8297-d1b8b55e40b5","['route', 'route.exe']","2.1","2.1.0","['enterprise-attack']","identity--c78cb6e5-0c4b-4611-8297-d1b8b55e40b5","1.0",""
"tool","tool--c9703cd3-141c-43a0-a926-380082be5d04","2017-05-31T21:33:07.218Z","2018-01-17T12:56:55.080Z","schtasks","schtasks is used to schedule execution of programs or scripts on a Windows system to run at a specific date and time. (Citation: TechNet Schtasks)

Aliases: schtasks, schtasks.exe","[{'url': 'https://attack.mitre.org/wiki/Software/S0111', 'source_name': 'mitre-attack', 'external_id': 'S0111'}, {'description': 'Microsoft. (n.d.). Schtasks. Retrieved April 28, 2016.', 'source_name': 'TechNet Schtasks', 'url': 'https://technet.microsoft.com/en-us/library/bb490996.aspx'}]","['marking-definition--fa42a846-8d90-4e51-bc29-71d5b4802168']","identity--c78cb6e5-0c4b-4611-8297-d1b8b55e40b5","['schtasks', 'schtasks.exe']","2.1","2.1.0","['enterprise-attack']","identity--c78cb6e5-0c4b-4611-8297-d1b8b55e40b5","1.0",""
"tool","tool--33b9e38f-103c-412d-bdcf-904a91fff1e4","2018-04-18T17:59:24.739Z","2018-04-18T17:59:24.739Z","spwebmember","spwebmember is a Microsoft SharePoint enumeration and data dumping tool written in .NET. (Citation: NCC Group APT15 Alive and Strong)

Aliases: spwebmember","[{'url': 'https://attack.mitre.org/wiki/Software/S0227', 'source_name': 'mitre-attack', 'external_id': 'S0227'}, {'description': 'Smallridge, R. (2018, March 10). APT15 is alive and strong: An analysis of RoyalCli and RoyalDNS. Retrieved April 4, 2018.', 'source_name': 'NCC Group APT15 Alive and Strong', 'url': 'https://www.nccgroup.trust/uk/about-us/newsroom-and-events/blogs/2018/march/apt15-is-alive-and-strong-an-analysis-of-royalcli-and-royaldns/'}]","['marking-definition--fa42a846-8d90-4e51-bc29-71d5b4802168']","identity--c78cb6e5-0c4b-4611-8297-d1b8b55e40b5","['spwebmember']","2.1","2.1.0","['enterprise-attack']","identity--c78cb6e5-0c4b-4611-8297-d1b8b55e40b5","1.0",""
"tool","tool--9a2640c2-9f43-46fe-b13f-bde881e55555","2018-04-18T17:59:24.739Z","2018-04-18T17:59:24.739Z","sqlmap","sqlmap is an open source penetration testing tool that can be used to automate the process of detecting and exploiting SQL injection flaws. (Citation: sqlmap Introduction)

Aliases: sqlmap","[{'url': 'https://attack.mitre.org/wiki/Software/S0225', 'source_name': 'mitre-attack', 'external_id': 'S0225'}, {'description': 'Damele, B., Stampar, M. (n.d.). sqlmap. Retrieved March 19, 2018.', 'source_name': 'sqlmap Introduction', 'url': 'http://sqlmap.org/'}]","['marking-definition--fa42a846-8d90-4e51-bc29-71d5b4802168']","identity--c78cb6e5-0c4b-4611-8297-d1b8b55e40b5","['sqlmap']","2.1","2.1.0","['enterprise-attack']","identity--c78cb6e5-0c4b-4611-8297-d1b8b55e40b5","1.0",""
"tool","tool--4fa49fc0-9162-4bdb-a37e-7aa3dcb6d38b","2017-05-31T21:33:11.941Z","2018-01-17T12:56:55.080Z","xCmd"," (Citation: xCmd) is an open source tool that is similar to PsExec and allows the user to execute applications on remote systems. (Citation: xCmd)

Aliases:  (Citation: xCmd)","[{'url': 'https://attack.mitre.org/wiki/Software/S0123', 'source_name': 'mitre-attack', 'external_id': 'S0123'}, {'description': 'Rayaprolu, A.. (2011, April 12). xCmd an Alternative to PsExec. Retrieved August 10, 2016.', 'source_name': 'xCmd', 'url': 'https://ashwinrayaprolu.wordpress.com/2011/04/12/xcmd-an-alternative-to-psexec/'}]","['marking-definition--fa42a846-8d90-4e51-bc29-71d5b4802168']","identity--c78cb6e5-0c4b-4611-8297-d1b8b55e40b5","['xCmd']","2.1","2.1.0","['enterprise-attack']","identity--c78cb6e5-0c4b-4611-8297-d1b8b55e40b5","1.0",""
